date,dogecoin,trend_diff,trend_log_return
2014-01-01,24,-4.0,-0.15415067982725836
2014-01-02,27,3.0,0.11778303565638346
2014-01-03,27,0.0,0.0
2014-01-04,22,-5.0,-0.20479441264601328
2014-01-05,25,3.0,0.127833371509885
2014-01-06,22,-3.0,-0.12783337150988489
2014-01-07,20,-2.0,-0.0953101798043249
2014-01-08,20,0.0,0.0
2014-01-09,20,0.0,0.0
2014-01-10,20,0.0,0.0
2014-01-11,22,2.0,0.09531017980432493
2014-01-12,19,-3.0,-0.1466034741918754
2014-01-13,17,-2.0,-0.11122563511022437
2014-01-14,35,18.0,0.7221347174331975
2014-01-15,33,-2.0,-0.058840500022933465
2014-01-16,29,-4.0,-0.12921173148000623
2014-01-17,26,-3.0,-0.10919929196499197
2014-01-18,31,5.0,0.1758906664636642
2014-01-19,37,6.0,0.17693070815907824
2014-01-20,84,47.0,0.8198988861990891
2014-01-21,100,16.0,0.17435338714477774
2014-01-22,77,-23.0,-0.2613647641344075
2014-01-23,68,-9.0,-0.12429771667757719
2014-01-24,62,-6.0,-0.09237332013101517
2014-01-25,57,-5.0,-0.08408311721054144
2014-01-26,48,-9.0,-0.17185025692665928
2014-01-27,44,-4.0,-0.08701137698962981
2014-01-28,48,4.0,0.0870113769896297
2014-01-29,46,-2.0,-0.04255961441879589
2014-01-30,51,5.0,0.1031842362352308
2014-01-31,55,4.0,0.0755075525081451
2014-02-01,49,-6.0,-0.11551288712184435
2014-02-02,43,-6.0,-0.13062018241706422
2014-02-03,39,-4.0,-0.09763846956391606
2014-02-04,47,8.0,0.1865859555804121
2014-02-05,45,-2.0,-0.04348511193973878
2014-02-06,42,-3.0,-0.06899287148695143
2014-02-07,46,4.0,0.09097177820572679
2014-02-08,41,-5.0,-0.11506932978478723
2014-02-09,43,2.0,0.047628048989254664
2014-02-10,49,6.0,0.13062018241706422
2014-02-11,51,2.0,0.040005334613699206
2014-02-12,62,11.0,0.1953087523207657
2014-02-13,51,-11.0,-0.19530875232076572
2014-02-14,53,2.0,0.03846628082779614
2014-02-15,39,-14.0,-0.3067302674224755
2014-02-16,37,-2.0,-0.05264373348542203
2014-02-17,45,8.0,0.19574457712609533
2014-02-18,41,-4.0,-0.09309042306601198
2014-02-19,36,-5.0,-0.13005312824819779
2014-02-20,35,-1.0,-0.028170876966696335
2014-02-21,32,-3.0,-0.08961215868968717
2014-02-22,32,0.0,0.0
2014-02-23,33,1.0,0.030771658666753687
2014-02-24,31,-2.0,-0.06252035698133393
2014-02-25,37,6.0,0.17693070815907824
2014-02-26,35,-2.0,-0.055569851154810765
2014-02-27,33,-2.0,-0.058840500022933465
2014-02-28,34,1.0,0.02985296314968113
2014-03-01,27,-7.0,-0.23052365861183238
2014-03-02,26,-1.0,-0.037740327982847086
2014-03-03,26,0.0,0.0
2014-03-04,27,1.0,0.03774032798284711
2014-03-05,24,-3.0,-0.11778303565638351
2014-03-06,24,0.0,0.0
2014-03-07,24,0.0,0.0
2014-03-08,22,-2.0,-0.08701137698962981
2014-03-09,21,-1.0,-0.04652001563489282
2014-03-10,22,1.0,0.04652001563489291
2014-03-11,20,-2.0,-0.0953101798043249
2014-03-12,21,1.0,0.04879016416943205
2014-03-13,21,0.0,0.0
2014-03-14,17,-4.0,-0.2113090936672069
2014-03-15,20,3.0,0.16251892949777494
2014-03-16,20,0.0,0.0
2014-03-17,20,0.0,0.0
2014-03-18,21,1.0,0.04879016416943205
2014-03-19,21,0.0,0.0
2014-03-20,27,6.0,0.25131442828090617
2014-03-21,23,-4.0,-0.16034265007517937
2014-03-22,23,0.0,0.0
2014-03-23,21,-2.0,-0.09097177820572676
2014-03-24,20,-1.0,-0.048790164169432056
2014-03-25,24,4.0,0.1823215567939546
2014-03-26,22,-2.0,-0.08701137698962981
2014-03-27,24,2.0,0.0870113769896297
2014-03-28,22,-2.0,-0.08701137698962981
2014-03-29,19,-3.0,-0.1466034741918754
2014-03-30,19,0.0,0.0
2014-03-31,17,-2.0,-0.11122563511022437
2014-04-01,17,0.0,0.0
2014-04-02,16,-1.0,-0.060624621816434854
2014-04-03,16,0.0,0.0
2014-04-04,17,1.0,0.06062462181643484
2014-04-05,14,-3.0,-0.1941560144409575
2014-04-06,14,0.0,0.0
2014-04-07,14,0.0,0.0
2014-04-08,14,0.0,0.0
2014-04-09,14,0.0,0.0
2014-04-10,15,1.0,0.06899287148695142
2014-04-11,13,-2.0,-0.1431008436406733
2014-04-12,13,0.0,0.0
2014-04-13,15,2.0,0.14310084364067324
2014-04-14,13,-2.0,-0.1431008436406733
2014-04-15,13,0.0,0.0
2014-04-16,17,4.0,0.26826398659467937
2014-04-17,14,-3.0,-0.1941560144409575
2014-04-18,12,-2.0,-0.15415067982725836
2014-04-19,12,0.0,0.0
2014-04-20,11,-1.0,-0.08701137698962981
2014-04-21,12,1.0,0.0870113769896297
2014-04-22,11,-1.0,-0.08701137698962981
2014-04-23,13,2.0,0.16705408466316624
2014-04-24,11,-2.0,-0.1670540846631662
2014-04-25,14,3.0,0.24116205681688804
2014-04-26,11,-3.0,-0.2411620568168881
2014-04-27,23,12.0,0.7375989431307791
2014-04-28,27,4.0,0.16034265007517948
2014-04-29,20,-7.0,-0.30010459245033816
2014-04-30,18,-2.0,-0.10536051565782628
2014-05-01,16,-2.0,-0.11778303565638351
2014-05-02,16,0.0,0.0
2014-05-03,17,1.0,0.06062462181643484
2014-05-04,40,23.0,0.8556661100577203
2014-05-05,44,4.0,0.09531017980432493
2014-05-06,35,-9.0,-0.22884157242884753
2014-05-07,18,-17.0,-0.6649763035932491
2014-05-08,15,-3.0,-0.1823215567939546
2014-05-09,17,2.0,0.125163142954006
2014-05-10,11,-6.0,-0.4353180712578455
2014-05-11,15,4.0,0.31015492830383945
2014-05-12,13,-2.0,-0.1431008436406733
2014-05-13,13,0.0,0.0
2014-05-14,13,0.0,0.0
2014-05-15,14,1.0,0.07410797215372183
2014-05-16,13,-1.0,-0.07410797215372185
2014-05-17,27,14.0,0.7308875085427924
2014-05-18,28,1.0,0.03636764417087479
2014-05-19,15,-13.0,-0.6241543090729939
2014-05-20,13,-2.0,-0.1431008436406733
2014-05-21,12,-1.0,-0.08004270767353637
2014-05-22,12,0.0,0.0
2014-05-23,13,1.0,0.08004270767353636
2014-05-24,11,-2.0,-0.1670540846631662
2014-05-25,12,1.0,0.0870113769896297
2014-05-26,10,-2.0,-0.1823215567939546
2014-05-27,10,0.0,0.0
2014-05-28,9,-1.0,-0.10536051565782628
2014-05-29,9,0.0,0.0
2014-05-30,10,1.0,0.10536051565782635
2014-05-31,10,0.0,0.0
2014-06-01,12,2.0,0.1823215567939546
2014-06-02,9,-3.0,-0.2876820724517809
2014-06-03,10,1.0,0.10536051565782635
2014-06-04,9,-1.0,-0.10536051565782628
2014-06-05,8,-1.0,-0.11778303565638351
2014-06-06,9,1.0,0.11778303565638346
2014-06-07,8,-1.0,-0.11778303565638351
2014-06-08,10,2.0,0.22314355131420976
2014-06-09,11,1.0,0.09531017980432493
2014-06-10,10,-1.0,-0.0953101798043249
2014-06-11,10,0.0,0.0
2014-06-12,9,-1.0,-0.10536051565782628
2014-06-13,9,0.0,0.0
2014-06-14,7,-2.0,-0.25131442828090605
2014-06-15,8,1.0,0.13353139262452257
2014-06-16,7,-1.0,-0.13353139262452263
2014-06-17,8,1.0,0.13353139262452257
2014-06-18,11,3.0,0.3184537311185346
2014-06-19,8,-3.0,-0.3184537311185346
2014-06-20,8,0.0,0.0
2014-06-21,8,0.0,0.0
2014-06-22,7,-1.0,-0.13353139262452263
2014-06-23,9,2.0,0.25131442828090617
2014-06-24,7,-2.0,-0.25131442828090605
2014-06-25,8,1.0,0.13353139262452257
2014-06-26,7,-1.0,-0.13353139262452263
2014-06-27,7,0.0,0.0
2014-06-28,8,1.0,0.13353139262452257
2014-06-29,8,0.0,0.0
2014-06-30,6,-2.0,-0.2876820724517809
2014-07-01,59,6.0,0.10724553035359759
2014-07-02,65,6.0,0.09684982598991762
2014-07-03,65,0.0,0.0
2014-07-04,61,-4.0,-0.06351340572232586
2014-07-05,56,-5.0,-0.085522173438162
2014-07-06,70,14.0,0.22314355131420976
2014-07-07,61,-9.0,-0.13762137787604772
2014-07-08,54,-7.0,-0.12188981760903689
2014-07-09,58,4.0,0.07145896398214505
2014-07-10,56,-2.0,-0.03509131981127006
2014-07-11,57,1.0,0.017699577099400857
2014-07-12,62,5.0,0.08408311721054144
2014-07-13,59,-3.0,-0.04959694113937206
2014-07-14,54,-5.0,-0.08855339734144506
2014-07-15,58,4.0,0.07145896398214505
2014-07-16,62,4.0,0.06669137449867214
2014-07-17,50,-12.0,-0.21511137961694557
2014-07-18,60,10.0,0.1823215567939546
2014-07-19,44,-16.0,-0.3101549283038396
2014-07-20,54,10.0,0.20479441264601322
2014-07-21,45,-9.0,-0.1823215567939546
2014-07-22,50,5.0,0.10536051565782635
2014-07-23,45,-5.0,-0.10536051565782628
2014-07-24,48,3.0,0.06453852113757116
2014-07-25,55,7.0,0.1361321743245799
2014-07-26,46,-9.0,-0.178691788743376
2014-07-27,50,4.0,0.083381608939051
2014-07-28,49,-1.0,-0.020202707317519466
2014-07-29,38,-11.0,-0.25423413838424086
2014-07-30,43,5.0,0.12361395596717663
2014-07-31,43,0.0,0.0
2014-08-01,38,-5.0,-0.12361395596717664
2014-08-02,56,18.0,0.38776553100876343
2014-08-03,54,-2.0,-0.03636764417087483
2014-08-04,41,-13.0,-0.2754119798599665
2014-08-05,41,0.0,0.0
2014-08-06,45,4.0,0.09309042306601203
2014-08-07,53,8.0,0.16362942378180212
2014-08-08,53,0.0,0.0
2014-08-09,54,1.0,0.018692133012152546
2014-08-10,46,-8.0,-0.16034265007517937
2014-08-11,51,5.0,0.1031842362352308
2014-08-12,48,-3.0,-0.060624621816434854
2014-08-13,57,9.0,0.17185025692665923
2014-08-14,55,-2.0,-0.03571808260207923
2014-08-15,46,-9.0,-0.178691788743376
2014-08-16,44,-2.0,-0.04445176257083381
2014-08-17,51,7.0,0.14763599880606468
2014-08-18,46,-5.0,-0.10318423623523075
2014-08-19,46,0.0,0.0
2014-08-20,47,1.0,0.021506205220963682
2014-08-21,47,0.0,0.0
2014-08-22,45,-2.0,-0.04348511193973878
2014-08-23,46,1.0,0.021978906718775167
2014-08-24,48,2.0,0.0425596144187959
2014-08-25,40,-8.0,-0.1823215567939546
2014-08-26,66,26.0,0.5007752879124892
2014-08-27,56,-10.0,-0.1643030512912763
2014-08-28,49,-7.0,-0.13353139262452263
2014-08-29,52,3.0,0.059423420470800806
2014-08-30,42,-10.0,-0.21357410029805904
2014-08-31,47,5.0,0.1124779834266903
2014-09-01,39,-8.0,-0.1865859555804122
2014-09-02,41,2.0,0.050010420574661416
2014-09-03,48,7.0,0.15762894420358306
2014-09-04,54,6.0,0.11778303565638346
2014-09-05,53,-1.0,-0.01869213301215252
2014-09-06,63,10.0,0.17284281283941083
2014-09-07,60,-3.0,-0.048790164169432056
2014-09-08,60,0.0,0.0
2014-09-09,50,-10.0,-0.1823215567939546
2014-09-10,45,-5.0,-0.10536051565782628
2014-09-11,64,19.0,0.35222059358935215
2014-09-12,66,2.0,0.030771658666753687
2014-09-13,68,2.0,0.02985296314968113
2014-09-14,98,30.0,0.36545977349446523
2014-09-15,94,-4.0,-0.041672696400568074
2014-09-16,62,-32.0,-0.41616039722491244
2014-09-17,50,-12.0,-0.21511137961694557
2014-09-18,52,2.0,0.03922071315328133
2014-09-19,60,8.0,0.14310084364067324
2014-09-20,52,-8.0,-0.1431008436406733
2014-09-21,54,2.0,0.03774032798284711
2014-09-22,53,-1.0,-0.01869213301215252
2014-09-23,40,-13.0,-0.28141245943818544
2014-09-24,58,18.0,0.371563556432483
2014-09-25,60,2.0,0.033901551675681416
2014-09-26,100,40.0,0.5108256237659907
2014-09-27,81,-19.0,-0.21072103131565253
2014-09-28,72,-9.0,-0.11778303565638351
2014-09-29,53,-19.0,-0.3063742054639334
2014-09-30,56,3.0,0.05505977718302739
2014-10-01,53,-3.0,-0.05505977718302743
2014-10-02,55,2.0,0.037041271680349076
2014-10-03,56,1.0,0.018018505502678212
2014-10-04,54,-2.0,-0.03636764417087483
2014-10-05,56,2.0,0.03636764417087479
2014-10-06,44,-12.0,-0.2411620568168881
2014-10-07,58,14.0,0.27625337662815813
2014-10-08,58,0.0,0.0
2014-10-09,41,-17.0,-0.3468709438421116
2014-10-10,41,0.0,0.0
2014-10-11,37,-4.0,-0.10265415406008334
2014-10-12,40,3.0,0.07796154146971192
2014-10-13,43,3.0,0.07232066157962608
2014-10-14,41,-2.0,-0.04762804898925459
2014-10-15,48,7.0,0.15762894420358306
2014-10-16,36,-12.0,-0.2876820724517809
2014-10-17,42,6.0,0.15415067982725836
2014-10-18,46,4.0,0.09097177820572679
2014-10-19,51,5.0,0.1031842362352308
2014-10-20,40,-11.0,-0.24294617861038947
2014-10-21,53,13.0,0.2814124594381855
2014-10-22,44,-9.0,-0.1861022796338606
2014-10-23,38,-6.0,-0.1466034741918754
2014-10-24,43,5.0,0.12361395596717663
2014-10-25,45,2.0,0.04546237407675741
2014-10-26,75,30.0,0.5108256237659907
2014-10-27,50,-25.0,-0.40546510810816444
2014-10-28,44,-6.0,-0.12783337150988489
2014-10-29,47,3.0,0.06595796779179737
2014-10-30,34,-13.0,-0.32378707709389715
2014-10-31,39,5.0,0.13720112151348496
2014-11-01,43,4.0,0.09763846956391607
2014-11-02,51,8.0,0.17062551703076345
2014-11-03,44,-7.0,-0.14763599880606457
2014-11-04,43,-1.0,-0.02298951822469872
2014-11-05,47,4.0,0.08894748601649612
2014-11-06,39,-8.0,-0.1865859555804122
2014-11-07,53,14.0,0.30673026742247544
2014-11-08,52,-1.0,-0.019048194970694474
2014-11-09,55,3.0,0.05608946665104358
2014-11-10,47,-8.0,-0.15718558352241238
2014-11-11,48,1.0,0.021053409197832263
2014-11-12,46,-2.0,-0.04255961441879589
2014-11-13,40,-6.0,-0.13976194237515874
2014-11-14,46,6.0,0.13976194237515863
2014-11-15,39,-7.0,-0.16507975035944858
2014-11-16,47,8.0,0.1865859555804121
2014-11-17,41,-6.0,-0.13657553500575073
2014-11-18,36,-5.0,-0.13005312824819779
2014-11-19,38,2.0,0.05406722127027579
2014-11-20,39,1.0,0.025975486403260736
2014-11-21,46,7.0,0.1650797503594486
2014-11-22,44,-2.0,-0.04445176257083381
2014-11-23,45,1.0,0.022472855852058576
2014-11-24,43,-2.0,-0.04546237407675729
2014-11-25,36,-7.0,-0.17768117723745236
2014-11-26,38,2.0,0.05406722127027579
2014-11-27,40,2.0,0.05129329438755048
2014-11-28,37,-3.0,-0.0779615414697118
2014-11-29,37,0.0,0.0
2014-11-30,45,8.0,0.19574457712609533
2014-12-01,32,-13.0,-0.3409265869705932
2014-12-02,39,7.0,0.19782574332991987
2014-12-03,35,-4.0,-0.10821358464023272
2014-12-04,30,-5.0,-0.15415067982725836
2014-12-05,40,10.0,0.28768207245178085
2014-12-06,42,2.0,0.04879016416943205
2014-12-07,41,-1.0,-0.02409755157906053
2014-12-08,42,1.0,0.024097551579060524
2014-12-09,45,3.0,0.06899287148695142
2014-12-10,38,-7.0,-0.169076330043934
2014-12-11,39,1.0,0.025975486403260736
2014-12-12,41,2.0,0.050010420574661416
2014-12-13,35,-6.0,-0.15822400521489416
2014-12-14,44,9.0,0.22884157242884745
2014-12-15,41,-3.0,-0.07061756721395342
2014-12-16,41,0.0,0.0
2014-12-17,38,-3.0,-0.07598590697792199
2014-12-18,39,1.0,0.025975486403260736
2014-12-19,42,3.0,0.07410797215372183
2014-12-20,44,2.0,0.04652001563489291
2014-12-21,42,-2.0,-0.04652001563489282
2014-12-22,38,-4.0,-0.10008345855698253
2014-12-23,41,3.0,0.07598590697792205
2014-12-24,47,6.0,0.1365755350057507
2014-12-25,39,-8.0,-0.1865859555804122
2014-12-26,47,8.0,0.1865859555804121
2014-12-27,43,-4.0,-0.08894748601649617
2014-12-28,43,0.0,0.0
2014-12-29,40,-3.0,-0.07232066157962613
2014-12-30,40,0.0,0.0
2014-12-31,40,0.0,0.0
2015-01-01,77,5.0,0.06713930283762852
2015-01-02,79,2.0,0.025642430613337652
2015-01-03,64,-15.0,-0.21056476910734964
2015-01-04,99,35.0,0.43623676677491807
2015-01-05,86,-13.0,-0.14077255388108215
2015-01-06,70,-16.0,-0.20585205420414873
2015-01-07,82,12.0,0.1582240052148942
2015-01-08,81,-1.0,-0.01227009259181436
2015-01-09,72,-9.0,-0.11778303565638351
2015-01-10,69,-3.0,-0.04255961441879589
2015-01-11,87,18.0,0.23180161405732438
2015-01-12,91,4.0,0.04495138786226627
2015-01-13,77,-14.0,-0.1670540846631662
2015-01-14,93,16.0,0.18879407129957215
2015-01-15,100,7.0,0.07257069283483537
2015-01-16,81,-19.0,-0.21072103131565253
2015-01-17,81,0.0,0.0
2015-01-18,78,-3.0,-0.037740327982847086
2015-01-19,74,-4.0,-0.05264373348542203
2015-01-20,63,-11.0,-0.16093036681263712
2015-01-21,64,1.0,0.015748356968139112
2015-01-22,62,-2.0,-0.0317486983145803
2015-01-23,59,-3.0,-0.04959694113937206
2015-01-24,66,7.0,0.112117298120706
2015-01-25,69,3.0,0.044451762570833796
2015-01-26,70,1.0,0.01438873745209967
2015-01-27,71,1.0,0.014184634991956381
2015-01-28,63,-8.0,-0.11954515064978269
2015-01-29,55,-8.0,-0.13580154115906176
2015-01-30,59,4.0,0.07020425867324856
2015-01-31,70,11.0,0.17095779814363948
2015-02-01,62,-8.0,-0.12136085700426748
2015-02-02,69,7.0,0.10697211955216773
2015-02-03,56,-13.0,-0.2087548138621101
2015-02-04,68,12.0,0.1941560144409574
2015-02-05,64,-4.0,-0.060624621816434854
2015-02-06,68,4.0,0.06062462181643484
2015-02-07,74,6.0,0.08455738802806297
2015-02-08,67,-7.0,-0.09937247381320373
2015-02-09,56,-11.0,-0.17934092865581686
2015-02-10,64,8.0,0.13353139262452257
2015-02-11,49,-15.0,-0.26706278524904525
2015-02-12,62,13.0,0.235314086934465
2015-02-13,59,-3.0,-0.04959694113937206
2015-02-14,57,-2.0,-0.03448617607116932
2015-02-15,61,4.0,0.06782259633876109
2015-02-16,63,2.0,0.03226086221822148
2015-02-17,46,-17.0,-0.3144933299024377
2015-02-18,56,10.0,0.1967102942460543
2015-02-19,58,2.0,0.03509131981127019
2015-02-20,73,15.0,0.23001643060197177
2015-02-21,68,-5.0,-0.07095173597228449
2015-02-22,87,19.0,0.24640041347847694
2015-02-23,59,-28.0,-0.38837067474886433
2015-02-24,60,1.0,0.01680711831638119
2015-02-25,57,-3.0,-0.05129329438755058
2015-02-26,62,5.0,0.08408311721054144
2015-02-27,72,10.0,0.14953173397096384
2015-02-28,55,-17.0,-0.26933293378358447
2015-03-01,51,-4.0,-0.07550755250814517
2015-03-02,46,-5.0,-0.10318423623523075
2015-03-03,60,14.0,0.2657031657330057
2015-03-04,46,-14.0,-0.2657031657330056
2015-03-05,54,8.0,0.16034265007517948
2015-03-06,56,2.0,0.03636764417087479
2015-03-07,59,3.0,0.05218575317057025
2015-03-08,55,-4.0,-0.07020425867324857
2015-03-09,49,-6.0,-0.11551288712184435
2015-03-10,53,4.0,0.07847161544149531
2015-03-11,61,8.0,0.1405819506211894
2015-03-12,58,-3.0,-0.05043085362689197
2015-03-13,48,-10.0,-0.18924199963852842
2015-03-14,77,29.0,0.472604410945793
2015-03-15,63,-14.0,-0.2006706954621511
2015-03-16,63,0.0,0.0
2015-03-17,36,-27.0,-0.5596157879354228
2015-03-18,49,13.0,0.30830135965451666
2015-03-19,57,8.0,0.1512309697239235
2015-03-20,41,-16.0,-0.3294792011302423
2015-03-21,42,1.0,0.024097551579060524
2015-03-22,55,13.0,0.2696635669491026
2015-03-23,48,-7.0,-0.13613217432458005
2015-03-24,54,6.0,0.11778303565638346
2015-03-25,58,4.0,0.07145896398214505
2015-03-26,74,16.0,0.2436220826577505
2015-03-27,44,-30.0,-0.5198754592859085
2015-03-28,55,11.0,0.22314355131420976
2015-03-29,51,-4.0,-0.07550755250814517
2015-03-30,39,-12.0,-0.2682639865946794
2015-03-31,55,16.0,0.34377153910282454
2015-04-01,46,-9.0,-0.178691788743376
2015-04-02,36,-10.0,-0.24512245803298496
2015-04-03,54,18.0,0.4054651081081644
2015-04-04,44,-10.0,-0.20479441264601328
2015-04-05,52,8.0,0.16705408466316624
2015-04-06,47,-5.0,-0.10109611687136875
2015-04-07,51,4.0,0.0816780310142671
2015-04-08,41,-10.0,-0.21825356602001794
2015-04-09,50,9.0,0.19845093872383823
2015-04-10,49,-1.0,-0.020202707317519466
2015-04-11,40,-9.0,-0.2029408439966903
2015-04-12,47,7.0,0.16126814759612232
2015-04-13,39,-8.0,-0.1865859555804122
2015-04-14,44,5.0,0.12062798778861472
2015-04-15,46,2.0,0.044451762570833796
2015-04-16,43,-3.0,-0.06744128079553253
2015-04-17,39,-4.0,-0.09763846956391606
2015-04-18,41,2.0,0.050010420574661416
2015-04-19,48,7.0,0.15762894420358306
2015-04-20,40,-8.0,-0.1823215567939546
2015-04-21,47,7.0,0.16126814759612232
2015-04-22,34,-13.0,-0.32378707709389715
2015-04-23,37,3.0,0.08455738802806297
2015-04-24,54,17.0,0.3780661339200499
2015-04-25,41,-13.0,-0.2754119798599665
2015-04-26,49,8.0,0.17824823140631876
2015-04-27,37,-12.0,-0.2809023854664022
2015-04-28,35,-2.0,-0.055569851154810765
2015-04-29,42,7.0,0.1823215567939546
2015-04-30,43,1.0,0.023530497410194036
2015-05-01,38,-5.0,-0.12361395596717664
2015-05-02,35,-3.0,-0.08223809823697212
2015-05-03,44,9.0,0.22884157242884745
2015-05-04,43,-1.0,-0.02298951822469872
2015-05-05,38,-5.0,-0.12361395596717664
2015-05-06,46,8.0,0.19105523676270922
2015-05-07,46,0.0,0.0
2015-05-08,37,-9.0,-0.21772348384487053
2015-05-09,32,-5.0,-0.14518200984449783
2015-05-10,42,10.0,0.27193371548364176
2015-05-11,43,1.0,0.023530497410194036
2015-05-12,46,3.0,0.06744128079553248
2015-05-13,50,4.0,0.083381608939051
2015-05-14,55,5.0,0.09531017980432493
2015-05-15,45,-10.0,-0.2006706954621511
2015-05-16,51,6.0,0.125163142954006
2015-05-17,44,-7.0,-0.14763599880606457
2015-05-18,41,-3.0,-0.07061756721395342
2015-05-19,41,0.0,0.0
2015-05-20,37,-4.0,-0.10265415406008334
2015-05-21,45,8.0,0.19574457712609533
2015-05-22,42,-3.0,-0.06899287148695143
2015-05-23,49,7.0,0.15415067982725836
2015-05-24,43,-6.0,-0.13062018241706422
2015-05-25,56,13.0,0.2641515750415869
2015-05-26,41,-15.0,-0.3117796240308415
2015-05-27,59,18.0,0.3639653772014116
2015-05-28,54,-5.0,-0.08855339734144506
2015-05-29,53,-1.0,-0.01869213301215252
2015-05-30,54,1.0,0.018692133012152546
2015-05-31,43,-11.0,-0.22778393087071197
2015-06-01,47,4.0,0.08894748601649612
2015-06-02,39,-8.0,-0.1865859555804122
2015-06-03,46,7.0,0.1650797503594486
2015-06-04,53,7.0,0.14165051706302684
2015-06-05,44,-9.0,-0.1861022796338606
2015-06-06,28,-16.0,-0.45198512374305727
2015-06-07,50,22.0,0.5798184952529422
2015-06-08,44,-6.0,-0.12783337150988489
2015-06-09,43,-1.0,-0.02298951822469872
2015-06-10,34,-9.0,-0.23483959107740107
2015-06-11,28,-6.0,-0.1941560144409575
2015-06-12,30,2.0,0.06899287148695142
2015-06-13,34,4.0,0.125163142954006
2015-06-14,39,5.0,0.13720112151348496
2015-06-15,44,5.0,0.12062798778861472
2015-06-16,44,0.0,0.0
2015-06-17,46,2.0,0.044451762570833796
2015-06-18,45,-1.0,-0.02197890671877523
2015-06-19,45,0.0,0.0
2015-06-20,46,1.0,0.021978906718775167
2015-06-21,44,-2.0,-0.04445176257083381
2015-06-22,41,-3.0,-0.07061756721395342
2015-06-23,38,-3.0,-0.07598590697792199
2015-06-24,34,-4.0,-0.11122563511022437
2015-06-25,33,-1.0,-0.02985296314968116
2015-06-26,34,1.0,0.02985296314968113
2015-06-27,45,11.0,0.28030196515415834
2015-06-28,79,34.0,0.5627853626967018
2015-06-29,42,-37.0,-0.6317782341836533
2015-06-30,64,22.0,0.4212134650763035
2015-07-01,65,-34.0,-0.4207325802389528
2015-07-02,48,-17.0,-0.30318625898774615
2015-07-03,57,9.0,0.17185025692665923
2015-07-04,83,26.0,0.37578933996204783
2015-07-05,65,-18.0,-0.24445333790096085
2015-07-06,71,6.0,0.08829260714567821
2015-07-07,78,7.0,0.09402894964827639
2015-07-08,70,-8.0,-0.10821358464023272
2015-07-09,57,-13.0,-0.20544397421480884
2015-07-10,79,22.0,0.3263965846324714
2015-07-11,97,18.0,0.2052631260363614
2015-07-12,74,-23.0,-0.27064588529921313
2015-07-13,54,-20.0,-0.3150810466398954
2015-07-14,56,2.0,0.03636764417087479
2015-07-15,63,7.0,0.11778303565638346
2015-07-16,48,-15.0,-0.2719337154836418
2015-07-17,69,21.0,0.3629054936893685
2015-07-18,59,-10.0,-0.15656906069153992
2015-07-19,74,15.0,0.2265276492984503
2015-07-20,50,-24.0,-0.39204208777602373
2015-07-21,74,24.0,0.3920420877760237
2015-07-22,56,-18.0,-0.2787134024690205
2015-07-23,58,2.0,0.03509131981127019
2015-07-24,54,-4.0,-0.07145896398214498
2015-07-25,73,19.0,0.30147539458411676
2015-07-26,66,-7.0,-0.10080469912196564
2015-07-27,66,0.0,0.0
2015-07-28,47,-19.0,-0.3395071403163669
2015-07-29,64,17.0,0.30873548164961323
2015-07-30,45,-19.0,-0.3522205935893521
2015-07-31,42,-3.0,-0.06899287148695143
2015-08-01,44,2.0,0.04652001563489291
2015-08-02,51,7.0,0.14763599880606468
2015-08-03,46,-5.0,-0.10318423623523075
2015-08-04,53,7.0,0.14165051706302684
2015-08-05,42,-11.0,-0.23262229526875347
2015-08-06,56,14.0,0.28768207245178085
2015-08-07,52,-4.0,-0.07410797215372185
2015-08-08,60,8.0,0.14310084364067324
2015-08-09,64,4.0,0.06453852113757116
2015-08-10,59,-5.0,-0.0813456394539524
2015-08-11,42,-17.0,-0.3398678256223512
2015-08-12,60,18.0,0.3566749439387324
2015-08-13,63,3.0,0.04879016416943205
2015-08-14,49,-14.0,-0.25131442828090605
2015-08-15,47,-2.0,-0.041672696400568074
2015-08-16,64,17.0,0.30873548164961323
2015-08-17,40,-24.0,-0.4700036292457356
2015-08-18,48,8.0,0.1823215567939546
2015-08-19,62,14.0,0.2559333741372007
2015-08-20,50,-12.0,-0.21511137961694557
2015-08-21,48,-2.0,-0.040821994520255166
2015-08-22,79,31.0,0.4982468415591305
2015-08-23,65,-14.0,-0.1950605825713843
2015-08-24,47,-18.0,-0.32423966818557853
2015-08-25,63,16.0,0.29298712468147414
2015-08-26,50,-13.0,-0.2311117209633867
2015-08-27,49,-1.0,-0.020202707317519466
2015-08-28,48,-1.0,-0.020619287202735703
2015-08-29,54,6.0,0.11778303565638346
2015-08-30,43,-11.0,-0.22778393087071197
2015-08-31,35,-8.0,-0.20585205420414873
2015-09-01,63,28.0,0.5877866649021191
2015-09-02,45,-18.0,-0.3364722366212129
2015-09-03,43,-2.0,-0.04546237407675729
2015-09-04,53,10.0,0.2090917978585594
2015-09-05,50,-3.0,-0.05826890812397576
2015-09-06,48,-2.0,-0.040821994520255166
2015-09-07,55,7.0,0.1361321743245799
2015-09-08,40,-15.0,-0.3184537311185346
2015-09-09,54,14.0,0.30010459245033816
2015-09-10,52,-2.0,-0.037740327982847086
2015-09-11,54,2.0,0.03774032798284711
2015-09-12,42,-12.0,-0.25131442828090605
2015-09-13,50,8.0,0.17435338714477774
2015-09-14,47,-3.0,-0.06187540371808753
2015-09-15,32,-15.0,-0.38441169891033206
2015-09-16,41,9.0,0.24783616390458127
2015-09-17,54,13.0,0.2754119798599666
2015-09-18,61,7.0,0.12188981760903679
2015-09-19,49,-12.0,-0.21905356606268464
2015-09-20,44,-5.0,-0.10763066419236544
2015-09-21,47,3.0,0.06595796779179737
2015-09-22,55,8.0,0.15718558352241235
2015-09-23,43,-12.0,-0.24613306953890846
2015-09-24,47,4.0,0.08894748601649612
2015-09-25,44,-3.0,-0.0659579677917974
2015-09-26,56,12.0,0.24116205681688804
2015-09-27,54,-2.0,-0.03636764417087483
2015-09-28,57,3.0,0.05406722127027579
2015-09-29,55,-2.0,-0.03571808260207923
2015-09-30,54,-1.0,-0.01834913866819654
2015-10-01,44,-10.0,-0.20479441264601328
2015-10-02,36,-8.0,-0.2006706954621511
2015-10-03,55,19.0,0.42381424677636087
2015-10-04,59,4.0,0.07020425867324856
2015-10-05,47,-12.0,-0.22738984219566089
2015-10-06,48,1.0,0.021053409197832263
2015-10-07,49,1.0,0.02061928720273561
2015-10-08,42,-7.0,-0.15415067982725836
2015-10-09,53,11.0,0.2326222952687535
2015-10-10,38,-15.0,-0.33270575382573614
2015-10-11,66,28.0,0.5520685823000399
2015-10-12,49,-17.0,-0.29783444391579894
2015-10-13,51,2.0,0.040005334613699206
2015-10-14,47,-4.0,-0.08167803101426724
2015-10-15,70,23.0,0.39834764033930037
2015-10-16,51,-19.0,-0.31666960932503324
2015-10-17,52,1.0,0.019418085857101516
2015-10-18,62,10.0,0.1758906664636642
2015-10-19,57,-5.0,-0.08408311721054144
2015-10-20,65,8.0,0.13133600206108695
2015-10-21,42,-23.0,-0.4367176516122688
2015-10-22,58,16.0,0.322773392263051
2015-10-23,69,11.0,0.17366349405084008
2015-10-24,58,-11.0,-0.17366349405084008
2015-10-25,58,0.0,0.0
2015-10-26,63,5.0,0.08269171584511341
2015-10-27,45,-18.0,-0.3364722366212129
2015-10-28,49,4.0,0.08515780834030677
2015-10-29,64,15.0,0.26706278524904514
2015-10-30,65,1.0,0.015504186535965254
2015-10-31,62,-3.0,-0.0472528848505455
2015-11-01,67,5.0,0.07755823434587444
2015-11-02,63,-4.0,-0.06155789299943332
2015-11-03,77,14.0,0.20067069546215124
2015-11-04,90,13.0,0.15600424847658118
2015-11-05,86,-4.0,-0.04546237407675729
2015-11-06,77,-9.0,-0.11054187439982384
2015-11-07,68,-9.0,-0.12429771667757719
2015-11-08,77,9.0,0.12429771667757712
2015-11-09,60,-17.0,-0.24946085963158313
2015-11-10,70,10.0,0.15415067982725836
2015-11-11,53,-17.0,-0.27820332849723717
2015-11-12,55,2.0,0.037041271680349076
2015-11-13,63,8.0,0.13580154115906182
2015-11-14,63,0.0,0.0
2015-11-15,67,4.0,0.061557892999433365
2015-11-16,59,-8.0,-0.12715517548524663
2015-11-17,49,-10.0,-0.18571714579509283
2015-11-18,49,0.0,0.0
2015-11-19,48,-1.0,-0.020619287202735703
2015-11-20,51,3.0,0.06062462181643484
2015-11-21,50,-1.0,-0.019802627296179754
2015-11-22,63,13.0,0.23111172096338664
2015-11-23,50,-13.0,-0.2311117209633867
2015-11-24,56,6.0,0.11332868530700327
2015-11-25,52,-4.0,-0.07410797215372185
2015-11-26,42,-10.0,-0.21357410029805904
2015-11-27,36,-6.0,-0.15415067982725836
2015-11-28,56,20.0,0.44183275227903923
2015-11-29,54,-2.0,-0.03636764417087483
2015-11-30,48,-6.0,-0.11778303565638351
2015-12-01,54,6.0,0.11778303565638346
2015-12-02,46,-8.0,-0.16034265007517937
2015-12-03,46,0.0,0.0
2015-12-04,70,24.0,0.41985384556026406
2015-12-05,65,-5.0,-0.07410797215372185
2015-12-06,67,2.0,0.030305349495328843
2015-12-07,78,11.0,0.1520162072986257
2015-12-08,100,22.0,0.24846135929849972
2015-12-09,96,-4.0,-0.040821994520255166
2015-12-10,76,-20.0,-0.2336148511815052
2015-12-11,62,-14.0,-0.20359895524123955
2015-12-12,71,9.0,0.13554549199622395
2015-12-13,73,2.0,0.02777956410707567
2015-12-14,80,7.0,0.09156719352549043
2015-12-15,60,-20.0,-0.2876820724517809
2015-12-16,73,13.0,0.19611487892629037
2015-12-17,84,11.0,0.14035735769492244
2015-12-18,65,-19.0,-0.25642952894767645
2015-12-19,76,11.0,0.15634607039069404
2015-12-20,90,14.0,0.1690763300439339
2015-12-21,61,-29.0,-0.3889358061569538
2015-12-22,76,15.0,0.21985947611301987
2015-12-23,57,-19.0,-0.2876820724517809
2015-12-24,44,-13.0,-0.258861633916289
2015-12-25,62,18.0,0.3429447511268304
2015-12-26,65,3.0,0.04725288485054551
2015-12-27,73,8.0,0.11607217125275403
2015-12-28,71,-2.0,-0.027779564107075706
2015-12-29,58,-13.0,-0.20223686649489606
2015-12-30,70,12.0,0.18805223150293962
2015-12-31,76,6.0,0.08223809823697201
2016-01-01,32,-9.0,-0.2478361639045812
2016-01-02,37,5.0,0.1451820098444979
2016-01-03,43,6.0,0.1502822030493379
2016-01-04,33,-10.0,-0.26469255422708216
2016-01-05,41,8.0,0.21706450523782758
2016-01-06,38,-3.0,-0.07598590697792199
2016-01-07,39,1.0,0.025975486403260736
2016-01-08,41,2.0,0.050010420574661416
2016-01-09,45,4.0,0.09309042306601203
2016-01-10,40,-5.0,-0.11778303565638351
2016-01-11,39,-1.0,-0.025317807984289897
2016-01-12,44,5.0,0.12062798778861472
2016-01-13,40,-4.0,-0.0953101798043249
2016-01-14,36,-4.0,-0.10536051565782628
2016-01-15,41,5.0,0.13005312824819776
2016-01-16,36,-5.0,-0.13005312824819779
2016-01-17,48,12.0,0.28768207245178085
2016-01-18,35,-13.0,-0.3158529494184773
2016-01-19,30,-5.0,-0.15415067982725836
2016-01-20,29,-1.0,-0.03390155167568134
2016-01-21,33,4.0,0.12921173148000625
2016-01-22,42,9.0,0.24116205681688804
2016-01-23,43,1.0,0.023530497410194036
2016-01-24,43,0.0,0.0
2016-01-25,35,-8.0,-0.20585205420414873
2016-01-26,73,38.0,0.7351113796589775
2016-01-27,100,27.0,0.3147107448397002
2016-01-28,61,-39.0,-0.4942963218147801
2016-01-29,50,-11.0,-0.19885085874516517
2016-01-30,44,-6.0,-0.12783337150988489
2016-01-31,52,8.0,0.16705408466316624
2016-02-01,39,-13.0,-0.2876820724517809
2016-02-02,39,0.0,0.0
2016-02-03,40,1.0,0.025317807984289786
2016-02-04,41,1.0,0.024692612590371414
2016-02-05,44,3.0,0.07061756721395342
2016-02-06,42,-2.0,-0.04652001563489282
2016-02-07,35,-7.0,-0.1823215567939546
2016-02-08,34,-1.0,-0.028987536873252298
2016-02-09,42,8.0,0.21130909366720696
2016-02-10,40,-2.0,-0.048790164169432056
2016-02-11,43,3.0,0.07232066157962608
2016-02-12,43,0.0,0.0
2016-02-13,35,-8.0,-0.20585205420414873
2016-02-14,41,6.0,0.1582240052148942
2016-02-15,37,-4.0,-0.10265415406008334
2016-02-16,40,3.0,0.07796154146971192
2016-02-17,33,-7.0,-0.19237189264745613
2016-02-18,41,8.0,0.21706450523782758
2016-02-19,35,-6.0,-0.15822400521489416
2016-02-20,40,5.0,0.13353139262452257
2016-02-21,39,-1.0,-0.025317807984289897
2016-02-22,33,-6.0,-0.1670540846631662
2016-02-23,28,-5.0,-0.1643030512912763
2016-02-24,42,14.0,0.4054651081081644
2016-02-25,37,-5.0,-0.1267517056391439
2016-02-26,39,2.0,0.05264373348542188
2016-02-27,47,8.0,0.1865859555804121
2016-02-28,32,-15.0,-0.38441169891033206
2016-02-29,36,4.0,0.11778303565638346
2016-03-01,30,-6.0,-0.1823215567939546
2016-03-02,39,9.0,0.26236426446749106
2016-03-03,43,4.0,0.09763846956391607
2016-03-04,36,-7.0,-0.17768117723745236
2016-03-05,36,0.0,0.0
2016-03-06,33,-3.0,-0.08701137698962981
2016-03-07,34,1.0,0.02985296314968113
2016-03-08,41,7.0,0.18721154208814636
2016-03-09,33,-8.0,-0.2170645052378275
2016-03-10,39,6.0,0.16705408466316624
2016-03-11,33,-6.0,-0.1670540846631662
2016-03-12,36,3.0,0.0870113769896297
2016-03-13,37,1.0,0.027398974188114347
2016-03-14,45,8.0,0.19574457712609533
2016-03-15,32,-13.0,-0.3409265869705932
2016-03-16,37,5.0,0.1451820098444979
2016-03-17,33,-4.0,-0.11441035117774422
2016-03-18,28,-5.0,-0.1643030512912763
2016-03-19,35,7.0,0.22314355131420976
2016-03-20,25,-10.0,-0.3364722366212129
2016-03-21,39,14.0,0.44468582126144574
2016-03-22,33,-6.0,-0.1670540846631662
2016-03-23,32,-1.0,-0.03077165866675366
2016-03-24,25,-7.0,-0.24686007793152578
2016-03-25,32,7.0,0.2468600779315258
2016-03-26,34,2.0,0.06062462181643484
2016-03-27,37,3.0,0.08455738802806297
2016-03-28,27,-10.0,-0.3150810466398954
2016-03-29,30,3.0,0.10536051565782635
2016-03-30,32,2.0,0.06453852113757116
2016-03-31,37,5.0,0.1451820098444979
2016-04-01,31,-6.0,-0.17693070815907821
2016-04-02,30,-1.0,-0.03278982282299084
2016-04-03,36,6.0,0.1823215567939546
2016-04-04,40,4.0,0.10536051565782635
2016-04-05,23,-17.0,-0.5533852381847867
2016-04-06,24,1.0,0.0425596144187959
2016-04-07,34,10.0,0.3483066942682158
2016-04-08,29,-5.0,-0.1590646946296874
2016-04-09,36,7.0,0.216223108469636
2016-04-10,40,4.0,0.10536051565782635
2016-04-11,34,-6.0,-0.16251892949777494
2016-04-12,28,-6.0,-0.1941560144409575
2016-04-13,36,8.0,0.25131442828090617
2016-04-14,34,-2.0,-0.05715841383994864
2016-04-15,22,-12.0,-0.4353180712578455
2016-04-16,34,12.0,0.4353180712578455
2016-04-17,38,4.0,0.1112256351102244
2016-04-18,29,-9.0,-0.2702903297399117
2016-04-19,35,6.0,0.18805223150293962
2016-04-20,28,-7.0,-0.2231435513142097
2016-04-21,31,3.0,0.10178269430994238
2016-04-22,34,3.0,0.09237332013101507
2016-04-23,28,-6.0,-0.1941560144409575
2016-04-24,39,11.0,0.33135713595444244
2016-04-25,31,-8.0,-0.22957444164450025
2016-04-26,37,6.0,0.17693070815907824
2016-04-27,36,-1.0,-0.027398974188114388
2016-04-28,33,-3.0,-0.08701137698962981
2016-04-29,31,-2.0,-0.06252035698133393
2016-04-30,41,10.0,0.2795848622191615
2016-05-01,43,2.0,0.047628048989254664
2016-05-02,41,-2.0,-0.04762804898925459
2016-05-03,31,-10.0,-0.27958486221916157
2016-05-04,34,3.0,0.09237332013101507
2016-05-05,41,7.0,0.18721154208814636
2016-05-06,34,-7.0,-0.18721154208814647
2016-05-07,38,4.0,0.1112256351102244
2016-05-08,40,2.0,0.05129329438755048
2016-05-09,35,-5.0,-0.13353139262452263
2016-05-10,32,-3.0,-0.08961215868968717
2016-05-11,32,0.0,0.0
2016-05-12,40,8.0,0.22314355131420976
2016-05-13,31,-9.0,-0.25489224962879004
2016-05-14,34,3.0,0.09237332013101507
2016-05-15,34,0.0,0.0
2016-05-16,32,-2.0,-0.060624621816434854
2016-05-17,37,5.0,0.1451820098444979
2016-05-18,31,-6.0,-0.17693070815907821
2016-05-19,29,-2.0,-0.06669137449867228
2016-05-20,29,0.0,0.0
2016-05-21,35,6.0,0.18805223150293962
2016-05-22,36,1.0,0.028170876966696224
2016-05-23,35,-1.0,-0.028170876966696335
2016-05-24,28,-7.0,-0.2231435513142097
2016-05-25,32,4.0,0.13353139262452257
2016-05-26,29,-3.0,-0.09844007281325252
2016-05-27,33,4.0,0.12921173148000625
2016-05-28,26,-7.0,-0.23841102344499823
2016-05-29,36,10.0,0.32542240043462795
2016-05-30,36,0.0,0.0
2016-05-31,40,4.0,0.10536051565782635
2016-06-01,36,-4.0,-0.10536051565782628
2016-06-02,35,-1.0,-0.028170876966696335
2016-06-03,33,-2.0,-0.058840500022933465
2016-06-04,29,-4.0,-0.12921173148000623
2016-06-05,42,13.0,0.37037378829689427
2016-06-06,36,-6.0,-0.15415067982725836
2016-06-07,35,-1.0,-0.028170876966696335
2016-06-08,30,-5.0,-0.15415067982725836
2016-06-09,31,1.0,0.03278982282299097
2016-06-10,33,2.0,0.06252035698133393
2016-06-11,37,4.0,0.11441035117774412
2016-06-12,36,-1.0,-0.027398974188114388
2016-06-13,52,16.0,0.36772478012531734
2016-06-14,44,-8.0,-0.1670540846631662
2016-06-15,41,-3.0,-0.07061756721395342
2016-06-16,37,-4.0,-0.10265415406008334
2016-06-17,46,9.0,0.21772348384487053
2016-06-18,49,3.0,0.06317890162153167
2016-06-19,45,-4.0,-0.08515780834030683
2016-06-20,25,-20.0,-0.587786664902119
2016-06-21,36,11.0,0.36464311358790924
2016-06-22,35,-1.0,-0.028170876966696335
2016-06-23,27,-8.0,-0.25951119548508456
2016-06-24,38,11.0,0.3417492937220567
2016-06-25,36,-2.0,-0.05406722127027582
2016-06-26,47,11.0,0.26662866325394863
2016-06-27,32,-15.0,-0.38441169891033206
2016-06-28,36,4.0,0.11778303565638346
2016-06-29,32,-4.0,-0.11778303565638351
2016-06-30,26,-6.0,-0.2076393647782445
2016-07-01,86,26.0,0.36000273403140703
2016-07-02,89,3.0,0.034289073478632165
2016-07-03,91,2.0,0.022223136784710256
2016-07-04,74,-17.0,-0.20679441331268028
2016-07-05,78,4.0,0.05264373348542188
2016-07-06,55,-23.0,-0.34937564145712074
2016-07-07,62,7.0,0.11980119981262058
2016-07-08,46,-16.0,-0.29849298855599654
2016-07-09,64,18.0,0.3302416868705768
2016-07-10,57,-7.0,-0.1158318155251217
2016-07-11,56,-1.0,-0.017699577099400975
2016-07-12,58,2.0,0.03509131981127019
2016-07-13,65,7.0,0.11394425934921769
2016-07-14,57,-8.0,-0.13133600206108698
2016-07-15,75,18.0,0.27443684570176036
2016-07-16,43,-32.0,-0.556287997842748
2016-07-17,58,15.0,0.2992428948528569
2016-07-18,62,4.0,0.06669137449867214
2016-07-19,75,13.0,0.19035372849121893
2016-07-20,55,-20.0,-0.3101549283038396
2016-07-21,47,-8.0,-0.15718558352241238
2016-07-22,61,14.0,0.26072626246325264
2016-07-23,75,14.0,0.2066142493629992
2016-07-24,45,-30.0,-0.5108256237659907
2016-07-25,57,12.0,0.23638877806423034
2016-07-26,56,-1.0,-0.017699577099400975
2016-07-27,73,17.0,0.2651077504132419
2016-07-28,69,-4.0,-0.056352936551131744
2016-07-29,52,-17.0,-0.282862786015832
2016-07-30,58,6.0,0.109199291964992
2016-07-31,68,10.0,0.15906469462968728
2016-08-01,45,-23.0,-0.41284521540578695
2016-08-02,67,22.0,0.3980301296206463
2016-08-03,66,-1.0,-0.015037877364540559
2016-08-04,84,18.0,0.24116205681688804
2016-08-05,64,-20.0,-0.2719337154836418
2016-08-06,76,12.0,0.17185025692665923
2016-08-07,76,0.0,0.0
2016-08-08,60,-16.0,-0.2363887780642304
2016-08-09,53,-7.0,-0.12405264866997888
2016-08-10,58,5.0,0.09015109699429748
2016-08-11,52,-6.0,-0.10919929196499197
2016-08-12,78,26.0,0.4054651081081644
2016-08-13,61,-17.0,-0.24583496251628048
2016-08-14,73,12.0,0.17958557697507987
2016-08-15,67,-6.0,-0.08576682175742506
2016-08-16,33,-34.0,-0.7081850579244858
2016-08-17,52,19.0,0.4547361571149471
2016-08-18,58,6.0,0.109199291964992
2016-08-19,66,8.0,0.12921173148000625
2016-08-20,63,-3.0,-0.04652001563489282
2016-08-21,78,15.0,0.2135741002980591
2016-08-22,63,-15.0,-0.21357410029805904
2016-08-23,79,16.0,0.22631312607548879
2016-08-24,74,-5.0,-0.06538275926285174
2016-08-25,82,8.0,0.10265415406008337
2016-08-26,56,-26.0,-0.3813675565291038
2016-08-27,68,12.0,0.1941560144409574
2016-08-28,63,-5.0,-0.07637297878457397
2016-08-29,59,-4.0,-0.06559728248581323
2016-08-30,41,-18.0,-0.3639653772014116
2016-08-31,59,18.0,0.3639653772014116
2016-09-01,54,-5.0,-0.08855339734144506
2016-09-02,54,0.0,0.0
2016-09-03,69,15.0,0.2451224580329849
2016-09-04,70,1.0,0.01438873745209967
2016-09-05,67,-3.0,-0.04380262265839289
2016-09-06,70,3.0,0.04380262265839284
2016-09-07,65,-5.0,-0.07410797215372185
2016-09-08,59,-6.0,-0.09684982598991766
2016-09-09,42,-17.0,-0.3398678256223512
2016-09-10,65,23.0,0.43671765161226883
2016-09-11,67,2.0,0.030305349495328843
2016-09-12,79,12.0,0.1647552330760555
2016-09-13,58,-21.0,-0.3090048419206021
2016-09-14,69,11.0,0.17366349405084008
2016-09-15,66,-3.0,-0.04445176257083381
2016-09-16,74,8.0,0.11441035117774412
2016-09-17,78,4.0,0.05264373348542188
2016-09-18,72,-6.0,-0.08004270767353637
2016-09-19,76,4.0,0.05406722127027579
2016-09-20,45,-31.0,-0.5240708505160114
2016-09-21,56,11.0,0.2186892009648295
2016-09-22,54,-2.0,-0.03636764417087483
2016-09-23,69,15.0,0.2451224580329849
2016-09-24,44,-25.0,-0.4499168706789983
2016-09-25,74,30.0,0.5198754592859086
2016-09-26,62,-12.0,-0.17693070815907821
2016-09-27,45,-17.0,-0.32047189527477177
2016-09-28,61,16.0,0.30421137440299156
2016-09-29,60,-1.0,-0.016529301951210582
2016-09-30,48,-12.0,-0.2231435513142097
2016-10-01,52,4.0,0.08004270767353636
2016-10-02,74,22.0,0.35282137462274243
2016-10-03,64,-10.0,-0.14518200984449783
2016-10-04,59,-5.0,-0.0813456394539524
2016-10-05,53,-6.0,-0.10724553035359756
2016-10-06,71,18.0,0.29238796348919355
2016-10-07,59,-12.0,-0.18514243313559597
2016-10-08,55,-4.0,-0.07020425867324857
2016-10-09,62,7.0,0.11980119981262058
2016-10-10,64,2.0,0.03174869831458027
2016-10-11,60,-4.0,-0.06453852113757118
2016-10-12,58,-2.0,-0.03390155167568134
2016-10-13,61,3.0,0.050430853626891904
2016-10-14,47,-14.0,-0.2607262624632527
2016-10-15,56,9.0,0.1752040890250906
2016-10-16,48,-8.0,-0.15415067982725836
2016-10-17,69,21.0,0.3629054936893685
2016-10-18,55,-14.0,-0.22677331936478848
2016-10-19,46,-9.0,-0.178691788743376
2016-10-20,60,14.0,0.2657031657330057
2016-10-21,63,3.0,0.04879016416943205
2016-10-22,59,-4.0,-0.06559728248581323
2016-10-23,49,-10.0,-0.18571714579509283
2016-10-24,61,12.0,0.21905356606268467
2016-10-25,63,2.0,0.03226086221822148
2016-10-26,57,-6.0,-0.10008345855698253
2016-10-27,63,6.0,0.10008345855698263
2016-10-28,75,12.0,0.17435338714477774
2016-10-29,74,-1.0,-0.013423020332140661
2016-10-30,74,0.0,0.0
2016-10-31,67,-7.0,-0.09937247381320373
2016-11-01,43,-24.0,-0.4434925036974037
2016-11-02,63,20.0,0.38193461069797024
2016-11-03,66,3.0,0.04652001563489291
2016-11-04,55,-11.0,-0.1823215567939546
2016-11-05,59,4.0,0.07020425867324856
2016-11-06,88,29.0,0.39979937057248705
2016-11-07,69,-19.0,-0.24323030988094713
2016-11-08,53,-16.0,-0.2638145910451376
2016-11-09,47,-6.0,-0.12014431184206321
2016-11-10,67,20.0,0.35454501768090746
2016-11-11,57,-10.0,-0.1616413515564159
2016-11-12,51,-6.0,-0.11122563511022437
2016-11-13,65,14.0,0.24256163717131127
2016-11-14,59,-6.0,-0.09684982598991766
2016-11-15,55,-4.0,-0.07020425867324857
2016-11-16,54,-1.0,-0.01834913866819654
2016-11-17,41,-13.0,-0.2754119798599665
2016-11-18,61,20.0,0.39730179746900346
2016-11-19,49,-12.0,-0.21905356606268464
2016-11-20,56,7.0,0.13353139262452257
2016-11-21,63,7.0,0.11778303565638346
2016-11-22,51,-12.0,-0.2113090936672069
2016-11-23,81,30.0,0.46262352194811296
2016-11-24,62,-19.0,-0.2673147696273473
2016-11-25,64,2.0,0.03174869831458027
2016-11-26,66,2.0,0.030771658666753687
2016-11-27,67,1.0,0.015037877364540502
2016-11-28,60,-7.0,-0.11034805716886534
2016-11-29,56,-4.0,-0.06899287148695143
2016-11-30,69,13.0,0.2087548138621102
2016-12-01,71,2.0,0.028573372444055948
2016-12-02,54,-17.0,-0.27369583047704105
2016-12-03,66,12.0,0.20067069546215124
2016-12-04,67,1.0,0.015037877364540502
2016-12-05,75,8.0,0.11279549414534429
2016-12-06,50,-25.0,-0.40546510810816444
2016-12-07,70,20.0,0.3364722366212129
2016-12-08,58,-12.0,-0.1880522315029396
2016-12-09,54,-4.0,-0.07145896398214498
2016-12-10,61,7.0,0.12188981760903679
2016-12-11,63,2.0,0.03226086221822148
2016-12-12,61,-2.0,-0.032260862218221435
2016-12-13,44,-17.0,-0.32668423025505006
2016-12-14,59,15.0,0.29334780998745824
2016-12-15,53,-6.0,-0.10724553035359756
2016-12-16,58,5.0,0.09015109699429748
2016-12-17,60,2.0,0.033901551675681416
2016-12-18,76,16.0,0.23638877806423034
2016-12-19,76,0.0,0.0
2016-12-20,54,-22.0,-0.3417492937220567
2016-12-21,69,15.0,0.2451224580329849
2016-12-22,75,6.0,0.083381608939051
2016-12-23,78,3.0,0.03922071315328133
2016-12-24,75,-3.0,-0.03922071315328127
2016-12-25,82,7.0,0.08923113372794261
2016-12-26,100,18.0,0.19845093872383823
2016-12-27,86,-14.0,-0.15082288973458366
2016-12-28,68,-18.0,-0.23483959107740107
2016-12-29,81,13.0,0.17494144949633206
2016-12-30,89,8.0,0.09418721505970107
2016-12-31,70,-19.0,-0.24014112768278081
2017-01-01,14,-1.0,-0.06899287148695143
2017-01-02,17,3.0,0.1941560144409574
2017-01-03,18,1.0,0.05715841383994862
2017-01-04,20,2.0,0.10536051565782635
2017-01-05,17,-3.0,-0.16251892949777494
2017-01-06,19,2.0,0.1112256351102244
2017-01-07,14,-5.0,-0.3053816495511819
2017-01-08,16,2.0,0.13353139262452257
2017-01-09,15,-1.0,-0.06453852113757118
2017-01-10,15,0.0,0.0
2017-01-11,15,0.0,0.0
2017-01-12,10,-5.0,-0.40546510810816444
2017-01-13,12,2.0,0.1823215567939546
2017-01-14,13,1.0,0.08004270767353636
2017-01-15,14,1.0,0.07410797215372183
2017-01-16,12,-2.0,-0.15415067982725836
2017-01-17,14,2.0,0.15415067982725836
2017-01-18,16,2.0,0.13353139262452257
2017-01-19,13,-3.0,-0.2076393647782445
2017-01-20,12,-1.0,-0.08004270767353637
2017-01-21,14,2.0,0.15415067982725836
2017-01-22,15,1.0,0.06899287148695142
2017-01-23,13,-2.0,-0.1431008436406733
2017-01-24,11,-2.0,-0.1670540846631662
2017-01-25,12,1.0,0.0870113769896297
2017-01-26,13,1.0,0.08004270767353636
2017-01-27,11,-2.0,-0.1670540846631662
2017-01-28,15,4.0,0.31015492830383945
2017-01-29,13,-2.0,-0.1431008436406733
2017-01-30,18,5.0,0.32542240043462795
2017-01-31,14,-4.0,-0.25131442828090605
2017-02-01,11,-3.0,-0.2411620568168881
2017-02-02,16,5.0,0.3746934494414107
2017-02-03,16,0.0,0.0
2017-02-04,16,0.0,0.0
2017-02-05,12,-4.0,-0.2876820724517809
2017-02-06,13,1.0,0.08004270767353636
2017-02-07,13,0.0,0.0
2017-02-08,12,-1.0,-0.08004270767353637
2017-02-09,14,2.0,0.15415067982725836
2017-02-10,13,-1.0,-0.07410797215372185
2017-02-11,12,-1.0,-0.08004270767353637
2017-02-12,17,5.0,0.3483066942682158
2017-02-13,11,-6.0,-0.4353180712578455
2017-02-14,13,2.0,0.16705408466316624
2017-02-15,12,-1.0,-0.08004270767353637
2017-02-16,12,0.0,0.0
2017-02-17,13,1.0,0.08004270767353636
2017-02-18,13,0.0,0.0
2017-02-19,18,5.0,0.32542240043462795
2017-02-20,14,-4.0,-0.25131442828090605
2017-02-21,10,-4.0,-0.3364722366212129
2017-02-22,13,3.0,0.26236426446749106
2017-02-23,13,0.0,0.0
2017-02-24,15,2.0,0.14310084364067324
2017-02-25,17,2.0,0.125163142954006
2017-02-26,19,2.0,0.1112256351102244
2017-02-27,13,-6.0,-0.3794896217049037
2017-02-28,16,3.0,0.20763936477824455
2017-03-01,15,-1.0,-0.06453852113757118
2017-03-02,21,6.0,0.3364722366212129
2017-03-03,15,-6.0,-0.3364722366212129
2017-03-04,18,3.0,0.1823215567939546
2017-03-05,18,0.0,0.0
2017-03-06,15,-3.0,-0.1823215567939546
2017-03-07,15,0.0,0.0
2017-03-08,16,1.0,0.06453852113757116
2017-03-09,13,-3.0,-0.2076393647782445
2017-03-10,14,1.0,0.07410797215372183
2017-03-11,17,3.0,0.1941560144409574
2017-03-12,17,0.0,0.0
2017-03-13,21,4.0,0.21130909366720696
2017-03-14,20,-1.0,-0.048790164169432056
2017-03-15,15,-5.0,-0.2876820724517809
2017-03-16,21,6.0,0.3364722366212129
2017-03-17,18,-3.0,-0.15415067982725836
2017-03-18,17,-1.0,-0.05715841383994864
2017-03-19,16,-1.0,-0.060624621816434854
2017-03-20,16,0.0,0.0
2017-03-21,15,-1.0,-0.06453852113757118
2017-03-22,12,-3.0,-0.2231435513142097
2017-03-23,13,1.0,0.08004270767353636
2017-03-24,17,4.0,0.26826398659467937
2017-03-25,17,0.0,0.0
2017-03-26,16,-1.0,-0.060624621816434854
2017-03-27,17,1.0,0.06062462181643484
2017-03-28,19,2.0,0.1112256351102244
2017-03-29,18,-1.0,-0.05406722127027582
2017-03-30,19,1.0,0.05406722127027579
2017-03-31,21,2.0,0.10008345855698263
2017-04-01,18,-3.0,-0.15415067982725836
2017-04-02,23,5.0,0.2451224580329849
2017-04-03,34,11.0,0.3908663086870116
2017-04-04,23,-11.0,-0.39086630868701167
2017-04-05,21,-2.0,-0.09097177820572676
2017-04-06,16,-5.0,-0.2719337154836418
2017-04-07,17,1.0,0.06062462181643484
2017-04-08,23,6.0,0.3022808718729337
2017-04-09,20,-3.0,-0.13976194237515874
2017-04-10,18,-2.0,-0.10536051565782628
2017-04-11,19,1.0,0.05406722127027579
2017-04-12,19,0.0,0.0
2017-04-13,16,-3.0,-0.17185025692665928
2017-04-14,21,5.0,0.27193371548364176
2017-04-15,20,-1.0,-0.048790164169432056
2017-04-16,20,0.0,0.0
2017-04-17,16,-4.0,-0.2231435513142097
2017-04-18,15,-1.0,-0.06453852113757118
2017-04-19,19,4.0,0.23638877806423034
2017-04-20,19,0.0,0.0
2017-04-21,13,-6.0,-0.3794896217049037
2017-04-22,20,7.0,0.43078291609245434
2017-04-23,21,1.0,0.04879016416943205
2017-04-24,18,-3.0,-0.15415067982725836
2017-04-25,18,0.0,0.0
2017-04-26,21,3.0,0.15415067982725836
2017-04-27,24,3.0,0.13353139262452257
2017-04-28,32,8.0,0.28768207245178085
2017-04-29,32,0.0,0.0
2017-04-30,30,-2.0,-0.06453852113757118
2017-05-01,26,-4.0,-0.1431008436406733
2017-05-02,24,-2.0,-0.08004270767353637
2017-05-03,27,3.0,0.11778303565638346
2017-05-04,39,12.0,0.36772478012531734
2017-05-05,36,-3.0,-0.08004270767353637
2017-05-06,39,3.0,0.08004270767353636
2017-05-07,62,23.0,0.4635727389154451
2017-05-08,44,-18.0,-0.3429447511268303
2017-05-09,44,0.0,0.0
2017-05-10,47,3.0,0.06595796779179737
2017-05-11,41,-6.0,-0.13657553500575073
2017-05-12,41,0.0,0.0
2017-05-13,40,-1.0,-0.02469261259037152
2017-05-14,39,-1.0,-0.025317807984289897
2017-05-15,33,-6.0,-0.1670540846631662
2017-05-16,29,-4.0,-0.12921173148000623
2017-05-17,36,7.0,0.216223108469636
2017-05-18,42,6.0,0.15415067982725836
2017-05-19,43,1.0,0.023530497410194036
2017-05-20,48,5.0,0.11000089521432849
2017-05-21,75,27.0,0.44628710262841953
2017-05-22,100,25.0,0.28768207245178085
2017-05-23,97,-3.0,-0.030459207484708574
2017-05-24,89,-8.0,-0.08607460877124302
2017-05-25,89,0.0,0.0
2017-05-26,68,-21.0,-0.2691286645560332
2017-05-27,60,-8.0,-0.12516314295400605
2017-05-28,61,1.0,0.016529301951210506
2017-05-29,54,-7.0,-0.12188981760903689
2017-05-30,52,-2.0,-0.037740327982847086
2017-05-31,49,-3.0,-0.059423420470800764
2017-06-01,48,-1.0,-0.020619287202735703
2017-06-02,50,2.0,0.0408219945202552
2017-06-03,58,8.0,0.14842000511827322
2017-06-04,56,-2.0,-0.03509131981127006
2017-06-05,61,5.0,0.08552217343816193
2017-06-06,72,11.0,0.16579225484274404
2017-06-07,68,-4.0,-0.05715841383994864
2017-06-08,55,-13.0,-0.21217451994363576
2017-06-09,57,2.0,0.035718082602079246
2017-06-10,56,-1.0,-0.017699577099400975
2017-06-11,63,7.0,0.11778303565638346
2017-06-12,59,-4.0,-0.06559728248581323
2017-06-13,51,-8.0,-0.14571181118139365
2017-06-14,52,1.0,0.019418085857101516
2017-06-15,49,-3.0,-0.059423420470800764
2017-06-16,50,1.0,0.02020270731751947
2017-06-17,57,7.0,0.131028262406404
2017-06-18,48,-9.0,-0.17185025692665928
2017-06-19,48,0.0,0.0
2017-06-20,54,6.0,0.11778303565638346
2017-06-21,56,2.0,0.03636764417087479
2017-06-22,50,-6.0,-0.11332868530700312
2017-06-23,55,5.0,0.09531017980432493
2017-06-24,50,-5.0,-0.0953101798043249
2017-06-25,55,5.0,0.09531017980432493
2017-06-26,53,-2.0,-0.0370412716803491
2017-06-27,47,-6.0,-0.12014431184206321
2017-06-28,45,-2.0,-0.04348511193973878
2017-06-29,50,5.0,0.10536051565782635
2017-06-30,45,-5.0,-0.10536051565782628
2017-07-01,9,-1.0,-0.10536051565782628
2017-07-02,9,0.0,0.0
2017-07-03,8,-1.0,-0.11778303565638351
2017-07-04,8,0.0,0.0
2017-07-05,10,2.0,0.22314355131420976
2017-07-06,10,0.0,0.0
2017-07-07,9,-1.0,-0.10536051565782628
2017-07-08,9,0.0,0.0
2017-07-09,9,0.0,0.0
2017-07-10,9,0.0,0.0
2017-07-11,9,0.0,0.0
2017-07-12,9,0.0,0.0
2017-07-13,8,-1.0,-0.11778303565638351
2017-07-14,8,0.0,0.0
2017-07-15,9,1.0,0.11778303565638346
2017-07-16,9,0.0,0.0
2017-07-17,8,-1.0,-0.11778303565638351
2017-07-18,8,0.0,0.0
2017-07-19,10,2.0,0.22314355131420976
2017-07-20,9,-1.0,-0.10536051565782628
2017-07-21,8,-1.0,-0.11778303565638351
2017-07-22,8,0.0,0.0
2017-07-23,9,1.0,0.11778303565638346
2017-07-24,8,-1.0,-0.11778303565638351
2017-07-25,9,1.0,0.11778303565638346
2017-07-26,9,0.0,0.0
2017-07-27,9,0.0,0.0
2017-07-28,9,0.0,0.0
2017-07-29,7,-2.0,-0.25131442828090605
2017-07-30,8,1.0,0.13353139262452257
2017-07-31,9,1.0,0.11778303565638346
2017-08-01,8,-1.0,-0.11778303565638351
2017-08-02,9,1.0,0.11778303565638346
2017-08-03,8,-1.0,-0.11778303565638351
2017-08-04,8,0.0,0.0
2017-08-05,10,2.0,0.22314355131420976
2017-08-06,9,-1.0,-0.10536051565782628
2017-08-07,10,1.0,0.10536051565782635
2017-08-08,10,0.0,0.0
2017-08-09,9,-1.0,-0.10536051565782628
2017-08-10,8,-1.0,-0.11778303565638351
2017-08-11,9,1.0,0.11778303565638346
2017-08-12,9,0.0,0.0
2017-08-13,11,2.0,0.20067069546215124
2017-08-14,10,-1.0,-0.0953101798043249
2017-08-15,11,1.0,0.09531017980432493
2017-08-16,9,-2.0,-0.2006706954621511
2017-08-17,9,0.0,0.0
2017-08-18,8,-1.0,-0.11778303565638351
2017-08-19,10,2.0,0.22314355131420976
2017-08-20,9,-1.0,-0.10536051565782628
2017-08-21,8,-1.0,-0.11778303565638351
2017-08-22,9,1.0,0.11778303565638346
2017-08-23,9,0.0,0.0
2017-08-24,10,1.0,0.10536051565782635
2017-08-25,9,-1.0,-0.10536051565782628
2017-08-26,9,0.0,0.0
2017-08-27,11,2.0,0.20067069546215124
2017-08-28,9,-2.0,-0.2006706954621511
2017-08-29,11,2.0,0.20067069546215124
2017-08-30,10,-1.0,-0.0953101798043249
2017-08-31,12,2.0,0.1823215567939546
2017-09-01,13,1.0,0.08004270767353636
2017-09-02,15,2.0,0.14310084364067324
2017-09-03,13,-2.0,-0.1431008436406733
2017-09-04,12,-1.0,-0.08004270767353637
2017-09-05,11,-1.0,-0.08701137698962981
2017-09-06,10,-1.0,-0.0953101798043249
2017-09-07,10,0.0,0.0
2017-09-08,9,-1.0,-0.10536051565782628
2017-09-09,9,0.0,0.0
2017-09-10,9,0.0,0.0
2017-09-11,9,0.0,0.0
2017-09-12,8,-1.0,-0.11778303565638351
2017-09-13,9,1.0,0.11778303565638346
2017-09-14,11,2.0,0.20067069546215124
2017-09-15,13,2.0,0.16705408466316624
2017-09-16,11,-2.0,-0.1670540846631662
2017-09-17,10,-1.0,-0.0953101798043249
2017-09-18,11,1.0,0.09531017980432493
2017-09-19,10,-1.0,-0.0953101798043249
2017-09-20,9,-1.0,-0.10536051565782628
2017-09-21,10,1.0,0.10536051565782635
2017-09-22,9,-1.0,-0.10536051565782628
2017-09-23,10,1.0,0.10536051565782635
2017-09-24,10,0.0,0.0
2017-09-25,10,0.0,0.0
2017-09-26,10,0.0,0.0
2017-09-27,9,-1.0,-0.10536051565782628
2017-09-28,9,0.0,0.0
2017-09-29,8,-1.0,-0.11778303565638351
2017-09-30,9,1.0,0.11778303565638346
2017-10-01,9,0.0,0.0
2017-10-02,9,0.0,0.0
2017-10-03,8,-1.0,-0.11778303565638351
2017-10-04,9,1.0,0.11778303565638346
2017-10-05,9,0.0,0.0
2017-10-06,9,0.0,0.0
2017-10-07,9,0.0,0.0
2017-10-08,10,1.0,0.10536051565782635
2017-10-09,8,-2.0,-0.2231435513142097
2017-10-10,9,1.0,0.11778303565638346
2017-10-11,9,0.0,0.0
2017-10-12,10,1.0,0.10536051565782635
2017-10-13,13,3.0,0.26236426446749106
2017-10-14,11,-2.0,-0.1670540846631662
2017-10-15,12,1.0,0.0870113769896297
2017-10-16,12,0.0,0.0
2017-10-17,9,-3.0,-0.2876820724517809
2017-10-18,9,0.0,0.0
2017-10-19,9,0.0,0.0
2017-10-20,10,1.0,0.10536051565782635
2017-10-21,11,1.0,0.09531017980432493
2017-10-22,11,0.0,0.0
2017-10-23,9,-2.0,-0.2006706954621511
2017-10-24,10,1.0,0.10536051565782635
2017-10-25,10,0.0,0.0
2017-10-26,9,-1.0,-0.10536051565782628
2017-10-27,9,0.0,0.0
2017-10-28,9,0.0,0.0
2017-10-29,11,2.0,0.20067069546215124
2017-10-30,10,-1.0,-0.0953101798043249
2017-10-31,9,-1.0,-0.10536051565782628
2017-11-01,12,3.0,0.28768207245178085
2017-11-02,12,0.0,0.0
2017-11-03,12,0.0,0.0
2017-11-04,12,0.0,0.0
2017-11-05,12,0.0,0.0
2017-11-06,12,0.0,0.0
2017-11-07,12,0.0,0.0
2017-11-08,12,0.0,0.0
2017-11-09,12,0.0,0.0
2017-11-10,13,1.0,0.08004270767353636
2017-11-11,12,-1.0,-0.08004270767353637
2017-11-12,12,0.0,0.0
2017-11-13,12,0.0,0.0
2017-11-14,11,-1.0,-0.08701137698962981
2017-11-15,12,1.0,0.0870113769896297
2017-11-16,13,1.0,0.08004270767353636
2017-11-17,11,-2.0,-0.1670540846631662
2017-11-18,12,1.0,0.0870113769896297
2017-11-19,12,0.0,0.0
2017-11-20,14,2.0,0.15415067982725836
2017-11-21,12,-2.0,-0.15415067982725836
2017-11-22,16,4.0,0.28768207245178085
2017-11-23,24,8.0,0.4054651081081644
2017-11-24,16,-8.0,-0.40546510810816444
2017-11-25,15,-1.0,-0.06453852113757118
2017-11-26,19,4.0,0.23638877806423034
2017-11-27,18,-1.0,-0.05406722127027582
2017-11-28,21,3.0,0.15415067982725836
2017-11-29,29,8.0,0.322773392263051
2017-11-30,21,-8.0,-0.322773392263051
2017-12-01,20,-1.0,-0.048790164169432056
2017-12-02,19,-1.0,-0.05129329438755058
2017-12-03,21,2.0,0.10008345855698263
2017-12-04,19,-2.0,-0.10008345855698253
2017-12-05,22,3.0,0.14660347419187544
2017-12-06,23,1.0,0.044451762570833796
2017-12-07,34,11.0,0.3908663086870116
2017-12-08,35,1.0,0.028987536873252187
2017-12-09,34,-1.0,-0.028987536873252298
2017-12-10,25,-9.0,-0.30748469974796055
2017-12-11,29,4.0,0.14842000511827322
2017-12-12,48,19.0,0.5039051809214169
2017-12-13,58,10.0,0.18924199963852834
2017-12-14,48,-10.0,-0.18924199963852842
2017-12-15,42,-6.0,-0.13353139262452263
2017-12-16,69,27.0,0.49643688631389105
2017-12-17,86,17.0,0.22024079165624832
2017-12-18,59,-27.0,-0.3768098523477883
2017-12-19,58,-1.0,-0.017094433359300068
2017-12-20,53,-5.0,-0.09015109699429745
2017-12-21,80,27.0,0.41173472112175985
2017-12-22,61,-19.0,-0.2711527705005704
2017-12-23,58,-3.0,-0.05043085362689197
2017-12-24,61,3.0,0.050430853626891904
2017-12-25,100,39.0,0.49429632181478017
2017-12-26,65,-35.0,-0.4307829160924542
2017-12-27,61,-4.0,-0.06351340572232586
2017-12-28,48,-13.0,-0.23967285326542034
2017-12-29,53,5.0,0.09909090264423097
2017-12-30,53,0.0,0.0
2017-12-31,46,-7.0,-0.1416505170630268
2018-01-01,33,-1.0,-0.02985296314968116
2018-01-02,38,5.0,0.1410785982599056
2018-01-03,41,3.0,0.07598590697792205
2018-01-04,43,2.0,0.047628048989254664
2018-01-05,65,22.0,0.4131871542020747
2018-01-06,100,35.0,0.43078291609245434
2018-01-07,86,-14.0,-0.15082288973458366
2018-01-08,99,13.0,0.14077255388108223
2018-01-09,81,-18.0,-0.2006706954621511
2018-01-10,60,-21.0,-0.30010459245033816
2018-01-11,49,-11.0,-0.2025242641114741
2018-01-12,47,-2.0,-0.041672696400568074
2018-01-13,42,-5.0,-0.11247798342669033
2018-01-14,34,-8.0,-0.2113090936672069
2018-01-15,34,0.0,0.0
2018-01-16,38,4.0,0.1112256351102244
2018-01-17,35,-3.0,-0.08223809823697212
2018-01-18,34,-1.0,-0.028987536873252298
2018-01-19,30,-4.0,-0.12516314295400605
2018-01-20,27,-3.0,-0.10536051565782628
2018-01-21,27,0.0,0.0
2018-01-22,24,-3.0,-0.11778303565638351
2018-01-23,23,-1.0,-0.04255961441879589
2018-01-24,24,1.0,0.0425596144187959
2018-01-25,22,-2.0,-0.08701137698962981
2018-01-26,22,0.0,0.0
2018-01-27,22,0.0,0.0
2018-01-28,22,0.0,0.0
2018-01-29,20,-2.0,-0.0953101798043249
2018-01-30,18,-2.0,-0.10536051565782628
2018-01-31,18,0.0,0.0
2018-02-01,17,-1.0,-0.05715841383994864
2018-02-02,18,1.0,0.05715841383994862
2018-02-03,17,-1.0,-0.05715841383994864
2018-02-04,15,-2.0,-0.12516314295400605
2018-02-05,16,1.0,0.06453852113757116
2018-02-06,18,2.0,0.11778303565638346
2018-02-07,16,-2.0,-0.11778303565638351
2018-02-08,17,1.0,0.06062462181643484
2018-02-09,15,-2.0,-0.12516314295400605
2018-02-10,16,1.0,0.06453852113757116
2018-02-11,13,-3.0,-0.2076393647782445
2018-02-12,15,2.0,0.14310084364067324
2018-02-13,14,-1.0,-0.06899287148695143
2018-02-14,16,2.0,0.13353139262452257
2018-02-15,20,4.0,0.22314355131420976
2018-02-16,16,-4.0,-0.2231435513142097
2018-02-17,17,1.0,0.06062462181643484
2018-02-18,15,-2.0,-0.12516314295400605
2018-02-19,15,0.0,0.0
2018-02-20,17,2.0,0.125163142954006
2018-02-21,16,-1.0,-0.060624621816434854
2018-02-22,13,-3.0,-0.2076393647782445
2018-02-23,13,0.0,0.0
2018-02-24,12,-1.0,-0.08004270767353637
2018-02-25,10,-2.0,-0.1823215567939546
2018-02-26,11,1.0,0.09531017980432493
2018-02-27,11,0.0,0.0
2018-02-28,12,1.0,0.0870113769896297
2018-03-01,10,-2.0,-0.1823215567939546
2018-03-02,11,1.0,0.09531017980432493
2018-03-03,10,-1.0,-0.0953101798043249
2018-03-04,10,0.0,0.0
2018-03-05,11,1.0,0.09531017980432493
2018-03-06,11,0.0,0.0
2018-03-07,11,0.0,0.0
2018-03-08,12,1.0,0.0870113769896297
2018-03-09,11,-1.0,-0.08701137698962981
2018-03-10,11,0.0,0.0
2018-03-11,10,-1.0,-0.0953101798043249
2018-03-12,14,4.0,0.3364722366212129
2018-03-13,12,-2.0,-0.15415067982725836
2018-03-14,10,-2.0,-0.1823215567939546
2018-03-15,11,1.0,0.09531017980432493
2018-03-16,10,-1.0,-0.0953101798043249
2018-03-17,10,0.0,0.0
2018-03-18,10,0.0,0.0
2018-03-19,11,1.0,0.09531017980432493
2018-03-20,9,-2.0,-0.2006706954621511
2018-03-21,9,0.0,0.0
2018-03-22,9,0.0,0.0
2018-03-23,8,-1.0,-0.11778303565638351
2018-03-24,8,0.0,0.0
2018-03-25,9,1.0,0.11778303565638346
2018-03-26,9,0.0,0.0
2018-03-27,9,0.0,0.0
2018-03-28,7,-2.0,-0.25131442828090605
2018-03-29,8,1.0,0.13353139262452257
2018-03-30,10,2.0,0.22314355131420976
2018-03-31,9,-1.0,-0.10536051565782628
2018-04-01,9,0.0,0.0
2018-04-02,9,0.0,0.0
2018-04-03,8,-1.0,-0.11778303565638351
2018-04-04,8,0.0,0.0
2018-04-05,8,0.0,0.0
2018-04-06,9,1.0,0.11778303565638346
2018-04-07,8,-1.0,-0.11778303565638351
2018-04-08,8,0.0,0.0
2018-04-09,8,0.0,0.0
2018-04-10,7,-1.0,-0.13353139262452263
2018-04-11,9,2.0,0.25131442828090617
2018-04-12,9,0.0,0.0
2018-04-13,11,2.0,0.20067069546215124
2018-04-14,9,-2.0,-0.2006706954621511
2018-04-15,9,0.0,0.0
2018-04-16,9,0.0,0.0
2018-04-17,9,0.0,0.0
2018-04-18,11,2.0,0.20067069546215124
2018-04-19,11,0.0,0.0
2018-04-20,10,-1.0,-0.0953101798043249
2018-04-21,10,0.0,0.0
2018-04-22,10,0.0,0.0
2018-04-23,9,-1.0,-0.10536051565782628
2018-04-24,10,1.0,0.10536051565782635
2018-04-25,9,-1.0,-0.10536051565782628
2018-04-26,9,0.0,0.0
2018-04-27,7,-2.0,-0.25131442828090605
2018-04-28,8,1.0,0.13353139262452257
2018-04-29,9,1.0,0.11778303565638346
2018-04-30,8,-1.0,-0.11778303565638351
2018-05-01,8,0.0,0.0
2018-05-02,7,-1.0,-0.13353139262452263
2018-05-03,8,1.0,0.13353139262452257
2018-05-04,9,1.0,0.11778303565638346
2018-05-05,8,-1.0,-0.11778303565638351
2018-05-06,8,0.0,0.0
2018-05-07,9,1.0,0.11778303565638346
2018-05-08,10,1.0,0.10536051565782635
2018-05-09,8,-2.0,-0.2231435513142097
2018-05-10,7,-1.0,-0.13353139262452263
2018-05-11,8,1.0,0.13353139262452257
2018-05-12,6,-2.0,-0.2876820724517809
2018-05-13,8,2.0,0.28768207245178085
2018-05-14,6,-2.0,-0.2876820724517809
2018-05-15,7,1.0,0.15415067982725836
2018-05-16,7,0.0,0.0
2018-05-17,7,0.0,0.0
2018-05-18,7,0.0,0.0
2018-05-19,7,0.0,0.0
2018-05-20,7,0.0,0.0
2018-05-21,6,-1.0,-0.15415067982725836
2018-05-22,7,1.0,0.15415067982725836
2018-05-23,7,0.0,0.0
2018-05-24,8,1.0,0.13353139262452257
2018-05-25,7,-1.0,-0.13353139262452263
2018-05-26,6,-1.0,-0.15415067982725836
2018-05-27,6,0.0,0.0
2018-05-28,7,1.0,0.15415067982725836
2018-05-29,6,-1.0,-0.15415067982725836
2018-05-30,7,1.0,0.15415067982725836
2018-05-31,6,-1.0,-0.15415067982725836
2018-06-01,7,1.0,0.15415067982725836
2018-06-02,7,0.0,0.0
2018-06-03,7,0.0,0.0
2018-06-04,7,0.0,0.0
2018-06-05,6,-1.0,-0.15415067982725836
2018-06-06,6,0.0,0.0
2018-06-07,7,1.0,0.15415067982725836
2018-06-08,6,-1.0,-0.15415067982725836
2018-06-09,6,0.0,0.0
2018-06-10,8,2.0,0.28768207245178085
2018-06-11,7,-1.0,-0.13353139262452263
2018-06-12,7,0.0,0.0
2018-06-13,7,0.0,0.0
2018-06-14,6,-1.0,-0.15415067982725836
2018-06-15,7,1.0,0.15415067982725836
2018-06-16,6,-1.0,-0.15415067982725836
2018-06-17,6,0.0,0.0
2018-06-18,6,0.0,0.0
2018-06-19,6,0.0,0.0
2018-06-20,5,-1.0,-0.1823215567939546
2018-06-21,6,1.0,0.1823215567939546
2018-06-22,5,-1.0,-0.1823215567939546
2018-06-23,6,1.0,0.1823215567939546
2018-06-24,6,0.0,0.0
2018-06-25,4,-2.0,-0.40546510810816444
2018-06-26,5,1.0,0.22314355131420976
2018-06-27,5,0.0,0.0
2018-06-28,5,0.0,0.0
2018-06-29,5,0.0,0.0
2018-06-30,5,0.0,0.0
2018-07-01,9,-3.0,-0.2876820724517809
2018-07-02,9,0.0,0.0
2018-07-03,10,1.0,0.10536051565782635
2018-07-04,10,0.0,0.0
2018-07-05,10,0.0,0.0
2018-07-06,8,-2.0,-0.2231435513142097
2018-07-07,9,1.0,0.11778303565638346
2018-07-08,12,3.0,0.28768207245178085
2018-07-09,10,-2.0,-0.1823215567939546
2018-07-10,10,0.0,0.0
2018-07-11,10,0.0,0.0
2018-07-12,10,0.0,0.0
2018-07-13,10,0.0,0.0
2018-07-14,9,-1.0,-0.10536051565782628
2018-07-15,10,1.0,0.10536051565782635
2018-07-16,19,9.0,0.6418538861723947
2018-07-17,28,9.0,0.38776553100876343
2018-07-18,41,13.0,0.3813675565291038
2018-07-19,36,-5.0,-0.13005312824819779
2018-07-20,28,-8.0,-0.25131442828090605
2018-07-21,19,-9.0,-0.38776553100876343
2018-07-22,21,2.0,0.10008345855698263
2018-07-23,23,2.0,0.09097177820572679
2018-07-24,22,-1.0,-0.04445176257083381
2018-07-25,20,-2.0,-0.0953101798043249
2018-07-26,17,-3.0,-0.16251892949777494
2018-07-27,17,0.0,0.0
2018-07-28,14,-3.0,-0.1941560144409575
2018-07-29,16,2.0,0.13353139262452257
2018-07-30,15,-1.0,-0.06453852113757118
2018-07-31,16,1.0,0.06453852113757116
2018-08-01,14,-2.0,-0.13353139262452263
2018-08-02,15,1.0,0.06899287148695142
2018-08-03,16,1.0,0.06453852113757116
2018-08-04,16,0.0,0.0
2018-08-05,13,-3.0,-0.2076393647782445
2018-08-06,14,1.0,0.07410797215372183
2018-08-07,13,-1.0,-0.07410797215372185
2018-08-08,15,2.0,0.14310084364067324
2018-08-09,16,1.0,0.06453852113757116
2018-08-10,13,-3.0,-0.2076393647782445
2018-08-11,14,1.0,0.07410797215372183
2018-08-12,12,-2.0,-0.15415067982725836
2018-08-13,13,1.0,0.08004270767353636
2018-08-14,14,1.0,0.07410797215372183
2018-08-15,12,-2.0,-0.15415067982725836
2018-08-16,13,1.0,0.08004270767353636
2018-08-17,12,-1.0,-0.08004270767353637
2018-08-18,15,3.0,0.22314355131420976
2018-08-19,14,-1.0,-0.06899287148695143
2018-08-20,12,-2.0,-0.15415067982725836
2018-08-21,13,1.0,0.08004270767353636
2018-08-22,15,2.0,0.14310084364067324
2018-08-23,13,-2.0,-0.1431008436406733
2018-08-24,15,2.0,0.14310084364067324
2018-08-25,12,-3.0,-0.2231435513142097
2018-08-26,15,3.0,0.22314355131420976
2018-08-27,13,-2.0,-0.1431008436406733
2018-08-28,17,4.0,0.26826398659467937
2018-08-29,17,0.0,0.0
2018-08-30,31,14.0,0.6007738604289301
2018-08-31,65,34.0,0.7404000654104909
2018-09-01,100,35.0,0.43078291609245434
2018-09-02,65,-35.0,-0.4307829160924542
2018-09-03,40,-25.0,-0.48550781578170077
2018-09-04,42,2.0,0.04879016416943205
2018-09-05,53,11.0,0.2326222952687535
2018-09-06,32,-21.0,-0.5045560107523953
2018-09-07,33,1.0,0.030771658666753687
2018-09-08,34,1.0,0.02985296314968113
2018-09-09,31,-3.0,-0.09237332013101517
2018-09-10,50,19.0,0.47803580094299974
2018-09-11,43,-7.0,-0.15082288973458366
2018-09-12,33,-10.0,-0.26469255422708216
2018-09-13,32,-1.0,-0.03077165866675366
2018-09-14,26,-6.0,-0.2076393647782445
2018-09-15,22,-4.0,-0.1670540846631662
2018-09-16,22,0.0,0.0
2018-09-17,22,0.0,0.0
2018-09-18,24,2.0,0.0870113769896297
2018-09-19,23,-1.0,-0.04255961441879589
2018-09-20,19,-4.0,-0.19105523676270922
2018-09-21,20,1.0,0.05129329438755048
2018-09-22,18,-2.0,-0.10536051565782628
2018-09-23,18,0.0,0.0
2018-09-24,18,0.0,0.0
2018-09-25,15,-3.0,-0.1823215567939546
2018-09-26,17,2.0,0.125163142954006
2018-09-27,19,2.0,0.1112256351102244
2018-09-28,18,-1.0,-0.05406722127027582
2018-09-29,18,0.0,0.0
2018-09-30,16,-2.0,-0.11778303565638351
2018-10-01,16,0.0,0.0
2018-10-02,15,-1.0,-0.06453852113757118
2018-10-03,13,-2.0,-0.1431008436406733
2018-10-04,15,2.0,0.14310084364067324
2018-10-05,14,-1.0,-0.06899287148695143
2018-10-06,12,-2.0,-0.15415067982725836
2018-10-07,13,1.0,0.08004270767353636
2018-10-08,13,0.0,0.0
2018-10-09,15,2.0,0.14310084364067324
2018-10-10,13,-2.0,-0.1431008436406733
2018-10-11,18,5.0,0.32542240043462795
2018-10-12,14,-4.0,-0.25131442828090605
2018-10-13,13,-1.0,-0.07410797215372185
2018-10-14,13,0.0,0.0
2018-10-15,13,0.0,0.0
2018-10-16,14,1.0,0.07410797215372183
2018-10-17,17,3.0,0.1941560144409574
2018-10-18,14,-3.0,-0.1941560144409575
2018-10-19,13,-1.0,-0.07410797215372185
2018-10-20,14,1.0,0.07410797215372183
2018-10-21,13,-1.0,-0.07410797215372185
2018-10-22,12,-1.0,-0.08004270767353637
2018-10-23,14,2.0,0.15415067982725836
2018-10-24,14,0.0,0.0
2018-10-25,13,-1.0,-0.07410797215372185
2018-10-26,14,1.0,0.07410797215372183
2018-10-27,15,1.0,0.06899287148695142
2018-10-28,13,-2.0,-0.1431008436406733
2018-10-29,11,-2.0,-0.1670540846631662
2018-10-30,11,0.0,0.0
2018-10-31,11,0.0,0.0
2018-11-01,12,1.0,0.0870113769896297
2018-11-02,12,0.0,0.0
2018-11-03,10,-2.0,-0.1823215567939546
2018-11-04,12,2.0,0.1823215567939546
2018-11-05,13,1.0,0.08004270767353636
2018-11-06,13,0.0,0.0
2018-11-07,13,0.0,0.0
2018-11-08,12,-1.0,-0.08004270767353637
2018-11-09,13,1.0,0.08004270767353636
2018-11-10,12,-1.0,-0.08004270767353637
2018-11-11,11,-1.0,-0.08701137698962981
2018-11-12,12,1.0,0.0870113769896297
2018-11-13,13,1.0,0.08004270767353636
2018-11-14,14,1.0,0.07410797215372183
2018-11-15,15,1.0,0.06899287148695142
2018-11-16,14,-1.0,-0.06899287148695143
2018-11-17,12,-2.0,-0.15415067982725836
2018-11-18,11,-1.0,-0.08701137698962981
2018-11-19,12,1.0,0.0870113769896297
2018-11-20,15,3.0,0.22314355131420976
2018-11-21,14,-1.0,-0.06899287148695143
2018-11-22,12,-2.0,-0.15415067982725836
2018-11-23,11,-1.0,-0.08701137698962981
2018-11-24,11,0.0,0.0
2018-11-25,13,2.0,0.16705408466316624
2018-11-26,13,0.0,0.0
2018-11-27,13,0.0,0.0
2018-11-28,13,0.0,0.0
2018-11-29,12,-1.0,-0.08004270767353637
2018-11-30,11,-1.0,-0.08701137698962981
2018-12-01,11,0.0,0.0
2018-12-02,10,-1.0,-0.0953101798043249
2018-12-03,11,1.0,0.09531017980432493
2018-12-04,13,2.0,0.16705408466316624
2018-12-05,11,-2.0,-0.1670540846631662
2018-12-06,11,0.0,0.0
2018-12-07,13,2.0,0.16705408466316624
2018-12-08,9,-4.0,-0.3677247801253174
2018-12-09,11,2.0,0.20067069546215124
2018-12-10,10,-1.0,-0.0953101798043249
2018-12-11,11,1.0,0.09531017980432493
2018-12-12,9,-2.0,-0.2006706954621511
2018-12-13,11,2.0,0.20067069546215124
2018-12-14,13,2.0,0.16705408466316624
2018-12-15,11,-2.0,-0.1670540846631662
2018-12-16,12,1.0,0.0870113769896297
2018-12-17,17,5.0,0.3483066942682158
2018-12-18,21,4.0,0.21130909366720696
2018-12-19,15,-6.0,-0.3364722366212129
2018-12-20,14,-1.0,-0.06899287148695143
2018-12-21,12,-2.0,-0.15415067982725836
2018-12-22,11,-1.0,-0.08701137698962981
2018-12-23,10,-1.0,-0.0953101798043249
2018-12-24,12,2.0,0.1823215567939546
2018-12-25,12,0.0,0.0
2018-12-26,11,-1.0,-0.08701137698962981
2018-12-27,10,-1.0,-0.0953101798043249
2018-12-28,11,1.0,0.09531017980432493
2018-12-29,11,0.0,0.0
2018-12-30,10,-1.0,-0.0953101798043249
2018-12-31,9,-1.0,-0.10536051565782628
2025-01-01,47,7.0,0.16126814759612232
2025-01-02,47,0.0,0.0
2025-01-03,53,6.0,0.12014431184206321
2025-01-04,56,3.0,0.05505977718302739
2025-01-05,47,-9.0,-0.17520408902509063
2025-01-06,46,-1.0,-0.02150620522096362
2025-01-07,50,4.0,0.083381608939051
2025-01-08,42,-8.0,-0.1743533871447778
2025-01-09,40,-2.0,-0.048790164169432056
2025-01-10,37,-3.0,-0.0779615414697118
2025-01-11,34,-3.0,-0.084557388028063
2025-01-12,36,2.0,0.05715841383994862
2025-01-13,35,-1.0,-0.028170876966696335
2025-01-14,39,4.0,0.10821358464023279
2025-01-15,47,8.0,0.1865859555804121
2025-01-16,46,-1.0,-0.02150620522096362
2025-01-17,73,27.0,0.4618180446592961
2025-01-18,61,-12.0,-0.17958557697507987
2025-01-19,65,4.0,0.06351340572232593
2025-01-20,92,27.0,0.3474013071534032
2025-01-21,100,8.0,0.083381608939051
2025-01-22,66,-34.0,-0.4155154439616658
2025-01-23,54,-12.0,-0.2006706954621511
2025-01-24,49,-5.0,-0.09716374845364774
2025-01-25,40,-9.0,-0.2029408439966903
2025-01-26,41,1.0,0.024692612590371414
2025-01-27,44,3.0,0.07061756721395342
2025-01-28,39,-5.0,-0.12062798778861475
2025-01-29,39,0.0,0.0
2025-01-30,36,-3.0,-0.08004270767353637
2025-01-31,35,-1.0,-0.028170876966696335
2025-02-01,31,-4.0,-0.12136085700426748
2025-02-02,43,12.0,0.3272129112084162
2025-02-03,55,12.0,0.24613306953890854
2025-02-04,39,-16.0,-0.3437715391028245
2025-02-05,38,-1.0,-0.025975486403260677
2025-02-06,37,-1.0,-0.026668247082161294
2025-02-07,38,1.0,0.026668247082161273
2025-02-08,34,-4.0,-0.11122563511022437
2025-02-09,33,-1.0,-0.02985296314968116
2025-02-10,32,-1.0,-0.03077165866675366
2025-02-11,30,-2.0,-0.06453852113757118
2025-02-12,35,5.0,0.15415067982725836
2025-02-13,30,-5.0,-0.15415067982725836
2025-02-14,35,5.0,0.15415067982725836
2025-02-15,31,-4.0,-0.12136085700426748
2025-02-16,28,-3.0,-0.10178269430994236
2025-02-17,28,0.0,0.0
2025-02-18,29,1.0,0.03509131981127019
2025-02-19,29,0.0,0.0
2025-02-20,28,-1.0,-0.03509131981127006
2025-02-21,31,3.0,0.10178269430994238
2025-02-22,23,-8.0,-0.29849298855599654
2025-02-23,22,-1.0,-0.04445176257083381
2025-02-24,28,6.0,0.24116205681688804
2025-02-25,32,4.0,0.13353139262452257
2025-02-26,32,0.0,0.0
2025-02-27,29,-3.0,-0.09844007281325252
2025-02-28,31,2.0,0.06669137449867214
2025-03-01,24,-7.0,-0.25593337413720063
2025-03-02,31,7.0,0.2559333741372007
2025-03-03,33,2.0,0.06252035698133393
2025-03-04,31,-2.0,-0.06252035698133393
2025-03-05,27,-4.0,-0.13815033848081718
2025-03-06,26,-1.0,-0.037740327982847086
2025-03-07,27,1.0,0.03774032798284711
2025-03-08,20,-7.0,-0.30010459245033816
2025-03-09,23,3.0,0.13976194237515863
2025-03-10,29,6.0,0.23180161405732438
2025-03-11,29,0.0,0.0
2025-03-12,25,-4.0,-0.14842000511827333
2025-03-13,22,-3.0,-0.12783337150988489
2025-03-14,23,1.0,0.044451762570833796
2025-03-15,19,-4.0,-0.19105523676270922
2025-03-16,18,-1.0,-0.05406722127027582
2025-03-17,20,2.0,0.10536051565782635
2025-03-18,18,-2.0,-0.10536051565782628
2025-03-19,21,3.0,0.15415067982725836
2025-03-20,19,-2.0,-0.10008345855698253
2025-03-21,17,-2.0,-0.11122563511022437
2025-03-22,14,-3.0,-0.1941560144409575
2025-03-23,15,1.0,0.06899287148695142
2025-03-24,22,7.0,0.3829922522561057
2025-03-25,22,0.0,0.0
2025-03-26,23,1.0,0.044451762570833796
2025-03-27,20,-3.0,-0.13976194237515874
2025-03-28,18,-2.0,-0.10536051565782628
2025-03-29,15,-3.0,-0.1823215567939546
2025-03-30,16,1.0,0.06453852113757116
2025-03-31,17,1.0,0.06062462181643484
2025-04-01,17,0.0,0.0
2025-04-02,17,0.0,0.0
2025-04-03,19,2.0,0.1112256351102244
2025-04-04,19,0.0,0.0
2025-04-05,15,-4.0,-0.2363887780642304
2025-04-06,16,1.0,0.06453852113757116
2025-04-07,26,10.0,0.4855078157817008
2025-04-08,19,-7.0,-0.31365755885504165
2025-04-09,21,2.0,0.10008345855698263
2025-04-10,20,-1.0,-0.048790164169432056
2025-04-11,16,-4.0,-0.2231435513142097
2025-04-12,15,-1.0,-0.06453852113757118
2025-04-13,13,-2.0,-0.1431008436406733
2025-04-14,15,2.0,0.14310084364067324
2025-04-15,13,-2.0,-0.1431008436406733
2025-04-16,13,0.0,0.0
2025-04-17,13,0.0,0.0
2025-04-18,12,-1.0,-0.08004270767353637
2025-04-19,10,-2.0,-0.1823215567939546
2025-04-20,10,0.0,0.0
2025-04-21,14,4.0,0.3364722366212129
2025-04-22,16,2.0,0.13353139262452257
2025-04-23,18,2.0,0.11778303565638346
2025-04-24,14,-4.0,-0.25131442828090605
2025-04-25,15,1.0,0.06899287148695142
2025-04-26,11,-4.0,-0.3101549283038396
2025-04-27,11,0.0,0.0
2025-04-28,12,1.0,0.0870113769896297
2025-04-29,12,0.0,0.0
2025-04-30,12,0.0,0.0
2025-05-01,13,1.0,0.08004270767353636
2025-05-02,14,1.0,0.07410797215372183
2025-05-03,10,-4.0,-0.3364722366212129
2025-05-04,10,0.0,0.0
2025-05-05,11,1.0,0.09531017980432493
2025-05-06,11,0.0,0.0
2025-05-07,11,0.0,0.0
2025-05-08,18,7.0,0.49247648509779424
2025-05-09,20,2.0,0.10536051565782635
2025-05-10,23,3.0,0.13976194237515863
2025-05-11,20,-3.0,-0.13976194237515874
2025-05-12,25,5.0,0.22314355131420976
2025-05-13,20,-5.0,-0.2231435513142097
2025-05-14,19,-1.0,-0.05129329438755058
2025-05-15,16,-3.0,-0.17185025692665928
2025-05-16,15,-1.0,-0.06453852113757118
2025-05-17,12,-3.0,-0.2231435513142097
2025-05-18,14,2.0,0.15415067982725836
2025-05-19,15,1.0,0.06899287148695142
2025-05-20,14,-1.0,-0.06899287148695143
2025-05-21,17,3.0,0.1941560144409574
2025-05-22,22,5.0,0.25782910930209985
2025-05-23,19,-3.0,-0.1466034741918754
2025-05-24,14,-5.0,-0.3053816495511819
2025-05-25,12,-2.0,-0.15415067982725836
2025-05-26,13,1.0,0.08004270767353636
2025-05-27,15,2.0,0.14310084364067324
2025-05-28,14,-1.0,-0.06899287148695143
2025-05-29,16,2.0,0.13353139262452257
2025-05-30,16,0.0,0.0
2025-05-31,14,-2.0,-0.13353139262452263
2025-06-01,12,-2.0,-0.15415067982725836
2025-06-02,12,0.0,0.0
2025-06-03,12,0.0,0.0
2025-06-04,11,-1.0,-0.08701137698962981
